Order_ID,Customer_ID,Age,Gender,City,State,Customer_Segment,Product_Category,Quantity,Sales,Discount,Profit,Payment_Method,Purchase_Date
ORD00001,CUST0001,58,Male,New York,IL,Regular,Clothing,2,182,40.21,21.48,Net Banking,27-08-2024
ORD00002,CUST0002,45,Male,New York,NY,Premium,Clothing,2,556,100.42,61.13,Net Banking,14-08-2023
ORD00003,CUST0003,46,Other,Phoenix,NY,Regular,Clothing,4,776,64.69,58.54,UPI,05-04-2023
ORD00004,CUST0004,42,Male,San Antonio,IL,Premium,Beauty,3,1299,16.93,152.46,Credit Card,22-03-2023
ORD00005,CUST0005,53,Female,Austin,IL,Regular,Beauty,2,760,15.86,111.02,UPI,27-08-2023
ORD00006,CUST0006,24,Female,Phoenix,TX,VIP,Home & Kitchen,2,418,44.55,56.21,Credit Card,12-10-2024
ORD00007,CUST0007,28,Other,Houston,CA,Regular,Sports,4,632,187.61,64.88,Net Banking,02-12-2024
ORD00008,CUST0008,38,Male,Houston,NY,VIP,Home & Kitchen,4,628,12.47,115.09,Net Banking,19-11-2023
ORD00009,CUST0009,31,Other,Dallas,TX,Premium,Sports,2,310,12.99,48.04,Net Banking,21-08-2024
ORD00010,CUST0010,45,Other,San Diego,IL,Regular,Clothing,2,560,82.91,77.94,Credit Card,04-10-2024
ORD00011,CUST0011,28,Other,San Diego,AZ,VIP,Electronics,4,860,153.74,84.9,UPI,12-01-2023
ORD00012,CUST0012,61,Other,Los Angeles,AZ,VIP,Home & Kitchen,3,231,20.34,15.53,Credit Card,27-09-2023
ORD00013,CUST0013,50,Male,San Jose,NY,VIP,Home & Kitchen,5,1655,98.76,165.1,Debit Card,27-06-2024
ORD00014,CUST0014,18,Other,San Antonio,TX,Regular,Electronics,1,495,53.9,87.25,UPI,01-03-2023
ORD00015,CUST0015,33,Other,Los Angeles,NY,VIP,Sports,1,409,65.36,23.66,Cash,19-06-2023
ORD00016,CUST0016,34,Other,Austin,TX,Premium,Clothing,5,2030,444.53,127.11,UPI,18-11-2024
ORD00017,CUST0017,59,Female,Dallas,AZ,VIP,Sports,1,146,9.84,13.71,Net Banking,24-08-2023
ORD00018,CUST0018,55,Male,New York,NY,VIP,Electronics,2,108,29.34,14.08,Credit Card,01-09-2023
ORD00019,CUST0019,35,Other,Dallas,CA,Regular,Beauty,2,780,218.91,76.12,Cash,29-04-2024
ORD00020,CUST0020,44,Male,Los Angeles,NY,VIP,Sports,3,708,87.32,111.46,Credit Card,31-10-2024
ORD00021,CUST0021,59,Male,New York,TX,Premium,Home & Kitchen,1,147,8.45,18.07,Debit Card,07-07-2023
ORD00022,CUST0022,35,Female,Houston,NY,Regular,Sports,5,350,5.31,68.9,Credit Card,31-08-2023
ORD00023,CUST0023,28,Female,Dallas,TX,Premium,Clothing,4,1928,33.91,202.38,Cash,10-04-2024
ORD00024,CUST0024,36,Female,San Jose,TX,Regular,Clothing,2,342,22.34,18.79,Net Banking,18-11-2023
ORD00025,CUST0025,21,Male,Austin,TX,Regular,Beauty,5,500,8.53,62.01,Debit Card,01-09-2024
ORD00026,CUST0026,22,Other,Houston,TX,Premium,Electronics,5,730,126.78,33.76,Credit Card,04-11-2024
ORD00027,CUST0027,55,Other,San Jose,IL,Regular,Home & Kitchen,2,724,155.56,48.77,Cash,18-11-2024
ORD00028,CUST0028,59,Female,Dallas,IL,Regular,Electronics,1,254,47.33,27.79,Credit Card,04-07-2024
ORD00029,CUST0029,31,Other,Phoenix,CA,VIP,Home & Kitchen,1,470,34.44,40.4,Cash,21-12-2024
ORD00030,CUST0030,37,Other,San Jose,NY,Premium,Beauty,3,1491,296.73,227.91,Debit Card,29-04-2023
ORD00031,CUST0031,24,Other,San Jose,CA,VIP,Home & Kitchen,3,987,62.37,93.79,UPI,15-05-2024
ORD00032,CUST0032,34,Male,Los Angeles,TX,Regular,Home & Kitchen,1,21,2.1,1.32,UPI,28-03-2024
ORD00033,CUST0033,53,Other,San Diego,AZ,VIP,Electronics,1,58,16.44,6.39,Debit Card,06-02-2023
ORD00034,CUST0034,41,Other,San Jose,CA,Premium,Sports,2,82,7.58,13.76,Credit Card,04-08-2023
ORD00035,CUST0035,61,Male,Los Angeles,IL,Regular,Beauty,4,1348,303.09,197.35,Debit Card,01-07-2023
ORD00036,CUST0036,44,Male,Chicago,IL,Regular,Sports,2,312,14.9,46.11,Cash,26-04-2024
ORD00037,CUST0037,32,Male,Dallas,IL,Premium,Home & Kitchen,2,268,1.9,21.01,UPI,13-03-2023
ORD00038,CUST0038,35,Female,San Jose,TX,Regular,Beauty,3,1500,12.42,270.08,UPI,17-08-2024
ORD00039,CUST0039,34,Male,Los Angeles,AZ,Regular,Sports,3,1179,278.16,104.01,Net Banking,30-01-2024
ORD00040,CUST0040,54,Male,Phoenix,NY,Premium,Sports,1,286,79.41,27.02,Debit Card,17-03-2024
ORD00041,CUST0041,22,Other,San Antonio,AZ,Premium,Home & Kitchen,1,388,104.77,35.71,Cash,17-02-2024
ORD00042,CUST0042,62,Female,San Jose,CA,VIP,Clothing,4,1440,406.24,156.72,Debit Card,05-08-2024
ORD00043,CUST0043,37,Female,San Jose,NY,Premium,Home & Kitchen,3,381,49.14,45.46,UPI,28-03-2024
ORD00044,CUST0044,46,Other,Houston,AZ,Premium,Sports,2,714,18.16,88.59,Net Banking,06-04-2023
ORD00045,CUST0045,33,Other,Phoenix,CA,Regular,Clothing,2,64,0.89,12.47,Net Banking,11-04-2024
ORD00046,CUST0046,44,Other,Austin,CA,Regular,Sports,4,896,65.58,123.24,Credit Card,11-03-2024
ORD00047,CUST0047,32,Male,San Jose,TX,Premium,Electronics,5,735,202.3,36.33,Debit Card,14-11-2024
ORD00048,CUST0048,51,Other,Austin,IL,Premium,Sports,5,2185,471.48,215.42,Net Banking,12-06-2023
ORD00049,CUST0049,65,Female,Dallas,IL,Premium,Clothing,3,1236,288.36,116.27,Debit Card,26-03-2024
ORD00050,CUST0050,22,Other,Phoenix,CA,Regular,Home & Kitchen,3,549,147.08,24.95,Debit Card,28-01-2024
ORD00051,CUST0051,62,Male,Houston,NY,Premium,Sports,4,756,123.06,71.12,Debit Card,03-02-2024
ORD00052,CUST0052,55,Other,New York,AZ,Premium,Sports,4,92,26.02,6.25,Cash,05-07-2024
ORD00053,CUST0053,65,Other,San Jose,AZ,Premium,Clothing,4,528,43.23,59.55,Cash,15-11-2024
ORD00054,CUST0054,61,Female,Chicago,TX,VIP,Clothing,5,1465,11.85,158.54,Net Banking,28-01-2023
ORD00055,CUST0055,23,Other,San Diego,CA,Premium,Sports,2,90,7.02,8.22,Cash,12-12-2023
ORD00056,CUST0056,42,Female,San Diego,IL,Regular,Electronics,4,116,26.07,5.2,UPI,27-10-2024
ORD00057,CUST0057,22,Other,New York,NY,Premium,Clothing,2,898,5.49,65.03,Debit Card,16-11-2024
ORD00058,CUST0058,25,Other,Houston,TX,Regular,Home & Kitchen,3,315,57.26,50.15,Credit Card,15-11-2023
ORD00059,CUST0059,24,Other,New York,IL,VIP,Beauty,4,892,251.94,51.04,Net Banking,04-10-2024
ORD00060,CUST0060,33,Male,Phoenix,AZ,Regular,Electronics,5,2100,25.87,269.45,UPI,02-06-2024
ORD00061,CUST0061,59,Female,New York,TX,VIP,Sports,1,241,69.46,24.93,Cash,06-06-2023
ORD00062,CUST0062,45,Male,San Jose,IL,Premium,Beauty,5,2080,301.7,205.1,Net Banking,27-11-2023
ORD00063,CUST0063,33,Male,Phoenix,TX,Premium,Clothing,4,1244,227.78,108.58,Credit Card,29-11-2023
ORD00064,CUST0064,29,Female,Houston,IL,VIP,Home & Kitchen,3,489,129.14,55.84,UPI,11-01-2023
ORD00065,CUST0065,51,Male,Los Angeles,CA,Premium,Sports,4,1216,276.58,144.29,Cash,18-01-2023
ORD00066,CUST0066,23,Female,Houston,TX,Premium,Clothing,3,1077,187.9,107.57,Net Banking,11-03-2024
ORD00067,CUST0067,65,Other,San Antonio,IL,Premium,Sports,3,528,39.82,33.24,Debit Card,03-05-2023
ORD00068,CUST0068,65,Other,Chicago,CA,VIP,Clothing,4,644,139.99,99.03,Net Banking,17-10-2023
ORD00069,CUST0069,24,Male,Phoenix,CA,Regular,Home & Kitchen,2,348,1.48,45.09,UPI,25-02-2023
ORD00070,CUST0070,53,Female,Chicago,TX,Regular,Electronics,1,313,26.7,34.87,UPI,22-02-2023
ORD00071,CUST0071,34,Female,Los Angeles,NY,Regular,Sports,4,228,39.47,28.84,Debit Card,30-07-2024
ORD00072,CUST0072,37,Male,Houston,NY,Premium,Beauty,4,1320,236.07,154.74,Net Banking,06-04-2024
ORD00073,CUST0073,46,Female,Austin,TX,Regular,Home & Kitchen,5,1685,30.45,321.01,Credit Card,02-10-2024
ORD00074,CUST0074,31,Female,Los Angeles,CA,VIP,Clothing,2,604,13.6,29.76,Cash,31-08-2024
ORD00075,CUST0075,48,Female,New York,CA,Premium,Home & Kitchen,3,1137,293.21,51.2,Debit Card,02-10-2024
ORD00076,CUST0076,55,Other,Houston,TX,Regular,Electronics,5,675,131.15,101.3,Debit Card,03-03-2023
ORD00077,CUST0077,28,Female,Austin,AZ,Premium,Home & Kitchen,4,332,46.68,27.28,Cash,27-05-2024
ORD00078,CUST0078,52,Female,Dallas,NY,Regular,Beauty,1,475,61.56,40.66,UPI,04-04-2023
ORD00079,CUST0079,32,Other,Austin,AZ,VIP,Electronics,3,945,11.41,152.59,Cash,29-10-2024
ORD00080,CUST0080,46,Female,Chicago,AZ,VIP,Sports,4,264,37.22,25.23,UPI,18-04-2023
ORD00081,CUST0081,28,Female,San Diego,TX,Premium,Home & Kitchen,4,1744,397.89,74.72,Credit Card,16-09-2023
ORD00082,CUST0082,38,Male,San Diego,AZ,VIP,Electronics,5,1280,158.69,87.62,UPI,25-05-2024
ORD00083,CUST0083,58,Female,New York,CA,Regular,Home & Kitchen,5,435,121.06,36.33,Cash,30-01-2023
ORD00084,CUST0084,58,Other,Houston,CA,Premium,Home & Kitchen,5,135,22.37,7.21,Credit Card,01-05-2023
ORD00085,CUST0085,59,Male,Dallas,IL,Premium,Beauty,3,696,174.29,102.8,Debit Card,18-07-2024
ORD00086,CUST0086,27,Female,Houston,AZ,Premium,Beauty,2,924,19.35,150.08,Cash,03-06-2024
ORD00087,CUST0087,35,Male,Phoenix,IL,Premium,Beauty,5,1785,262.2,110.08,Net Banking,20-12-2023
ORD00088,CUST0088,39,Other,San Jose,TX,Premium,Sports,3,1395,78.95,203.49,Net Banking,28-08-2023
ORD00089,CUST0089,44,Male,San Antonio,TX,Premium,Sports,4,1436,341.36,161.79,Debit Card,07-02-2023
ORD00090,CUST0090,26,Other,Austin,IL,Premium,Electronics,4,284,44.81,28.35,Debit Card,01-11-2024
ORD00091,CUST0091,27,Male,Dallas,IL,VIP,Home & Kitchen,5,1870,222.99,102.19,UPI,30-06-2024
ORD00092,CUST0092,42,Female,Dallas,AZ,Regular,Electronics,5,275,19.37,39.02,UPI,03-04-2023
ORD00093,CUST0093,45,Male,Los Angeles,TX,Premium,Clothing,3,1446,12.56,141.42,Credit Card,03-01-2024
ORD00094,CUST0094,41,Female,Chicago,CA,Regular,Beauty,4,1236,252.81,75.71,Debit Card,16-09-2024
ORD00095,CUST0095,42,Other,Houston,TX,VIP,Beauty,2,276,38.18,20.95,UPI,10-01-2023
ORD00096,CUST0096,47,Female,San Jose,CA,VIP,Electronics,4,784,232.3,52.34,Cash,14-09-2023
ORD00097,CUST0097,47,Female,Houston,TX,VIP,Sports,1,141,16.13,12.97,UPI,30-10-2023
ORD00098,CUST0098,19,Other,San Diego,IL,VIP,Electronics,5,2310,475.26,296.68,Credit Card,23-05-2024
ORD00099,CUST0099,36,Male,Austin,IL,VIP,Clothing,2,674,50.68,101.81,Debit Card,10-04-2023
ORD00100,CUST0100,58,Other,New York,IL,Premium,Sports,1,316,34.59,19.62,UPI,01-03-2024
ORD00101,CUST0101,29,Male,Chicago,AZ,Premium,Home & Kitchen,5,1380,378.18,174.89,UPI,30-10-2023
ORD00102,CUST0102,65,Female,Los Angeles,TX,VIP,Electronics,2,812,235.44,103.22,Cash,10-01-2024
ORD00103,CUST0103,23,Female,New York,IL,VIP,Beauty,1,252,27.87,36.39,UPI,26-01-2024
ORD00104,CUST0104,58,Female,Los Angeles,CA,Regular,Sports,1,337,89.4,33.23,Net Banking,25-10-2024
ORD00105,CUST0105,22,Other,Dallas,IL,Regular,Sports,1,91,1.24,4.99,Cash,10-04-2023
ORD00106,CUST0106,33,Other,Chicago,TX,Premium,Sports,3,1089,310.16,120.31,Net Banking,24-08-2024
ORD00107,CUST0107,65,Other,Chicago,TX,VIP,Electronics,4,1340,164.06,226.64,Credit Card,15-01-2024
ORD00108,CUST0108,31,Female,Dallas,CA,Regular,Home & Kitchen,1,371,40.88,61.16,UPI,12-02-2024
ORD00109,CUST0109,35,Male,Los Angeles,TX,Premium,Electronics,2,696,133.53,110.06,Credit Card,07-09-2023
ORD00110,CUST0110,26,Other,Houston,NY,Regular,Beauty,2,640,41.46,108.01,UPI,02-09-2024
ORD00111,CUST0111,18,Female,Chicago,CA,Regular,Beauty,3,1284,67.22,181.49,Credit Card,16-01-2023
ORD00112,CUST0112,40,Male,Austin,IL,Regular,Electronics,2,310,4.87,49.2,Net Banking,07-03-2023
ORD00113,CUST0113,48,Female,San Antonio,AZ,VIP,Beauty,1,251,37.94,40.87,Credit Card,05-11-2024
ORD00114,CUST0114,51,Female,Dallas,NY,VIP,Electronics,4,1812,218.32,243.7,Cash,30-03-2024
ORD00115,CUST0115,22,Male,San Antonio,AZ,VIP,Clothing,1,84,6.93,11.17,Net Banking,29-11-2023
ORD00116,CUST0116,42,Other,San Jose,IL,VIP,Sports,5,1645,212.3,242.08,Credit Card,28-10-2024
ORD00117,CUST0117,53,Other,Houston,TX,VIP,Sports,2,462,46.98,48.98,Cash,08-04-2023
ORD00118,CUST0118,38,Female,San Antonio,IL,Regular,Home & Kitchen,2,742,205.46,32.23,Credit Card,18-03-2024
ORD00119,CUST0119,24,Other,San Antonio,CA,Premium,Beauty,1,320,91.84,30.63,Credit Card,29-12-2023
ORD00120,CUST0120,60,Female,New York,IL,VIP,Beauty,3,600,18.65,73.32,Debit Card,08-05-2024
ORD00121,CUST0121,32,Male,San Antonio,AZ,VIP,Home & Kitchen,1,410,34.26,31.53,Cash,28-09-2024
ORD00122,CUST0122,57,Other,San Jose,NY,Premium,Beauty,3,102,5.52,14.99,UPI,26-12-2023
ORD00123,CUST0123,18,Male,Chicago,AZ,VIP,Sports,1,92,20.45,14.01,Credit Card,27-06-2024
ORD00124,CUST0124,31,Female,San Diego,TX,VIP,Home & Kitchen,2,418,39.08,37.38,Net Banking,28-03-2023
ORD00125,CUST0125,21,Male,Chicago,AZ,Premium,Electronics,1,159,21.14,15.66,Net Banking,29-02-2024
ORD00126,CUST0126,35,Male,San Jose,NY,VIP,Home & Kitchen,4,304,25.83,42.22,Cash,14-11-2024
ORD00127,CUST0127,37,Male,Houston,TX,Premium,Beauty,1,23,1.41,4.14,Debit Card,24-10-2023
ORD00128,CUST0128,38,Male,New York,TX,VIP,Sports,2,172,19.62,23.7,Net Banking,15-11-2024
ORD00129,CUST0129,40,Male,San Diego,NY,Premium,Sports,1,255,70.47,33.09,Net Banking,10-08-2024
ORD00130,CUST0130,43,Other,San Diego,IL,Premium,Electronics,4,120,34.78,6.46,Net Banking,07-12-2024
ORD00131,CUST0131,41,Male,San Diego,NY,VIP,Clothing,4,1284,154.25,69.82,UPI,14-12-2023
ORD00132,CUST0132,32,Female,Chicago,NY,Premium,Beauty,1,291,44.52,45.82,UPI,22-10-2024
ORD00133,CUST0133,27,Male,Los Angeles,CA,Regular,Home & Kitchen,2,216,39.04,29.03,Credit Card,05-10-2024
ORD00134,CUST0134,49,Female,Austin,AZ,Regular,Sports,5,1745,332.58,202.93,UPI,26-03-2024
ORD00135,CUST0135,22,Female,Dallas,IL,Premium,Home & Kitchen,5,240,25.34,13.12,Cash,08-02-2023
ORD00136,CUST0136,21,Female,Phoenix,NY,VIP,Electronics,5,1620,246.43,164.01,Net Banking,12-02-2023
ORD00137,CUST0137,46,Other,Houston,IL,Premium,Beauty,4,1104,49.97,62.48,Credit Card,28-03-2023
ORD00138,CUST0138,50,Other,Chicago,NY,Premium,Clothing,4,976,153.45,116.37,UPI,17-10-2023
ORD00139,CUST0139,42,Female,San Antonio,AZ,Premium,Electronics,3,159,15.73,19.15,Cash,16-09-2023
ORD00140,CUST0140,64,Other,Austin,CA,VIP,Home & Kitchen,1,318,63.31,47.76,UPI,16-12-2024
ORD00141,CUST0141,60,Female,Chicago,AZ,VIP,Electronics,3,918,103.74,137.41,Debit Card,20-12-2024
ORD00142,CUST0142,65,Other,San Jose,NY,Premium,Sports,5,1025,5.61,98.2,Debit Card,12-05-2024
ORD00143,CUST0143,30,Male,Chicago,CA,VIP,Electronics,3,1356,320.61,130.62,Net Banking,23-06-2024
ORD00144,CUST0144,20,Other,San Antonio,AZ,Regular,Clothing,5,1060,49.05,77.97,Net Banking,24-03-2024
ORD00145,CUST0145,20,Female,San Antonio,CA,VIP,Sports,5,825,186.22,107.04,Debit Card,02-09-2023
ORD00146,CUST0146,37,Female,Houston,IL,VIP,Beauty,4,1024,236.37,131.31,Net Banking,04-03-2024
ORD00147,CUST0147,28,Male,Austin,CA,VIP,Home & Kitchen,1,348,50.17,31.48,Credit Card,12-06-2024
ORD00148,CUST0148,25,Female,Los Angeles,CA,Regular,Home & Kitchen,4,1932,297.54,285.47,Credit Card,06-04-2024
ORD00149,CUST0149,40,Male,San Diego,NY,Regular,Sports,5,1055,74.62,195.27,UPI,29-01-2023
ORD00150,CUST0150,38,Male,San Antonio,CA,VIP,Clothing,1,166,45.69,14.54,Debit Card,25-04-2024
ORD00151,CUST0151,46,Other,New York,NY,VIP,Electronics,3,390,97.69,38.68,Net Banking,09-03-2024
ORD00152,CUST0152,25,Female,Houston,IL,Regular,Electronics,1,142,17.88,20.99,Cash,24-04-2023
ORD00153,CUST0153,49,Other,San Jose,NY,VIP,Beauty,5,715,154.13,52.55,Credit Card,28-12-2023
ORD00154,CUST0154,33,Other,San Diego,CA,VIP,Electronics,5,1020,20.71,128.82,Net Banking,21-07-2024
ORD00155,CUST0155,19,Female,Dallas,NY,Premium,Sports,3,447,100.22,35.91,Credit Card,04-09-2023
ORD00156,CUST0156,64,Other,Los Angeles,AZ,VIP,Home & Kitchen,2,84,8.88,7.57,Debit Card,20-04-2024
ORD00157,CUST0157,62,Female,Chicago,CA,Regular,Electronics,4,152,13.38,7.84,Debit Card,20-11-2023
ORD00158,CUST0158,37,Other,San Diego,AZ,Regular,Sports,3,114,25.76,6.94,UPI,02-11-2024
ORD00159,CUST0159,39,Female,Los Angeles,IL,Regular,Sports,4,1600,211.07,268.72,UPI,23-05-2024
ORD00160,CUST0160,62,Female,San Antonio,AZ,VIP,Home & Kitchen,1,392,49.92,39.2,Debit Card,28-10-2023
ORD00161,CUST0161,38,Male,Los Angeles,IL,Premium,Home & Kitchen,3,744,134.51,69.43,Cash,02-04-2024
ORD00162,CUST0162,20,Other,San Antonio,AZ,VIP,Sports,3,1041,306.06,141.24,Credit Card,14-10-2024
ORD00163,CUST0163,43,Female,San Jose,CA,Regular,Electronics,2,908,165.5,124.14,Credit Card,10-03-2023
ORD00164,CUST0164,33,Other,San Antonio,IL,Premium,Sports,5,180,32.68,22.37,UPI,30-03-2024
ORD00165,CUST0165,22,Other,Chicago,AZ,Regular,Home & Kitchen,4,720,140.31,50.69,Credit Card,10-07-2023
ORD00166,CUST0166,49,Other,San Diego,AZ,Premium,Electronics,3,1248,97.45,134.55,Net Banking,11-12-2024
ORD00167,CUST0167,49,Male,Los Angeles,CA,VIP,Electronics,4,432,116.47,36.84,Credit Card,24-11-2023
ORD00168,CUST0168,60,Female,Los Angeles,AZ,Premium,Beauty,3,1428,128.5,95.68,Debit Card,04-06-2024
ORD00169,CUST0169,32,Male,Houston,CA,VIP,Clothing,4,132,14.29,15.99,Cash,13-05-2023
ORD00170,CUST0170,57,Male,Los Angeles,IL,Regular,Sports,4,1156,142.46,112.92,Net Banking,09-05-2023
ORD00171,CUST0171,38,Other,Los Angeles,TX,VIP,Sports,5,980,37.73,164.29,Net Banking,24-08-2024
ORD00172,CUST0172,29,Male,San Diego,AZ,VIP,Electronics,1,285,13.08,20.31,UPI,19-08-2023
ORD00173,CUST0173,40,Other,Phoenix,NY,VIP,Home & Kitchen,2,690,197.96,44.86,UPI,30-06-2024
ORD00174,CUST0174,23,Other,Chicago,AZ,Premium,Beauty,2,214,42.29,27.15,Net Banking,31-07-2024
ORD00175,CUST0175,20,Male,Los Angeles,NY,VIP,Beauty,3,1059,66.97,134.74,Net Banking,01-02-2023
ORD00176,CUST0176,49,Other,San Jose,IL,Premium,Home & Kitchen,4,580,140.02,67.21,UPI,16-03-2023
ORD00177,CUST0177,62,Male,Chicago,TX,VIP,Sports,4,1028,62.92,136.08,UPI,23-11-2023
ORD00178,CUST0178,64,Female,San Diego,CA,Premium,Home & Kitchen,5,1535,48.9,128.19,Credit Card,05-04-2024
ORD00179,CUST0179,33,Male,Los Angeles,NY,Premium,Home & Kitchen,4,1848,341.17,131.46,Debit Card,14-08-2024
ORD00180,CUST0180,64,Female,Houston,CA,Regular,Sports,5,1295,193.77,106.03,Credit Card,07-02-2024
ORD00181,CUST0181,50,Female,Houston,CA,Premium,Beauty,3,132,2,16.15,Cash,03-07-2024
ORD00182,CUST0182,18,Male,San Diego,CA,VIP,Home & Kitchen,3,1233,149.16,61.55,Credit Card,29-07-2024
ORD00183,CUST0183,30,Female,San Jose,IL,VIP,Electronics,4,1112,150.24,127.41,Net Banking,17-09-2024
ORD00184,CUST0184,25,Male,Los Angeles,TX,VIP,Home & Kitchen,3,915,257.74,107.29,Debit Card,05-06-2024
ORD00185,CUST0185,43,Other,New York,NY,Regular,Electronics,2,770,76.93,83.9,Cash,12-09-2024
ORD00186,CUST0186,50,Male,San Antonio,AZ,VIP,Home & Kitchen,2,442,131.36,49.98,UPI,11-12-2023
ORD00187,CUST0187,50,Other,San Jose,TX,Premium,Beauty,3,789,193.09,62.72,Credit Card,20-08-2024
ORD00188,CUST0188,37,Other,New York,AZ,Regular,Sports,3,1065,250.14,135.61,Net Banking,22-02-2023
ORD00189,CUST0189,55,Female,Chicago,AZ,VIP,Beauty,4,380,93.67,24.72,Net Banking,23-04-2023
ORD00190,CUST0190,30,Male,Dallas,IL,Premium,Sports,2,462,95.7,40.86,Net Banking,05-03-2023
ORD00191,CUST0191,63,Male,San Jose,CA,Premium,Beauty,3,1077,154.56,98.26,Debit Card,29-06-2024
ORD00192,CUST0192,39,Other,San Antonio,IL,Regular,Beauty,4,472,135.56,30.9,UPI,01-11-2023
ORD00193,CUST0193,36,Other,Houston,TX,Premium,Home & Kitchen,4,792,133.17,125.29,UPI,05-05-2023
ORD00194,CUST0194,54,Other,San Jose,TX,VIP,Sports,3,1245,300.52,88.37,UPI,22-03-2023
ORD00195,CUST0195,40,Female,Phoenix,TX,Regular,Clothing,2,886,143.15,141.11,UPI,22-04-2023
ORD00196,CUST0196,57,Other,Austin,CA,Regular,Clothing,1,362,98.3,22.11,Debit Card,13-04-2023
ORD00197,CUST0197,44,Female,Dallas,NY,Premium,Clothing,1,301,88.31,15.67,Cash,28-10-2024
ORD00198,CUST0198,30,Female,San Antonio,IL,Regular,Electronics,1,353,60.8,38.07,Credit Card,03-03-2024
ORD00199,CUST0199,29,Male,San Diego,TX,Regular,Clothing,3,1404,15.78,131.55,Net Banking,10-12-2023
ORD00200,CUST0200,36,Female,San Jose,AZ,Premium,Sports,2,910,137.65,70.23,Credit Card,16-06-2023
ORD00201,CUST0201,64,Female,Phoenix,CA,Regular,Electronics,3,1272,112.58,175.26,Debit Card,17-09-2024
ORD00202,CUST0202,58,Female,San Diego,AZ,Premium,Home & Kitchen,1,225,45.17,13.98,Debit Card,28-11-2023
ORD00203,CUST0203,33,Male,Phoenix,TX,VIP,Clothing,4,1620,129.76,148.2,Net Banking,09-08-2024
ORD00204,CUST0204,18,Female,San Antonio,CA,VIP,Electronics,1,258,23.75,25.96,Net Banking,15-11-2023
ORD00205,CUST0205,62,Male,Phoenix,IL,VIP,Beauty,2,264,75.82,22.91,Cash,12-09-2024
ORD00206,CUST0206,41,Female,San Jose,TX,VIP,Beauty,2,820,60.88,123.9,Credit Card,02-04-2024
ORD00207,CUST0207,51,Other,San Antonio,NY,VIP,Beauty,1,51,12.68,7.11,Debit Card,03-07-2024
ORD00208,CUST0208,27,Male,San Antonio,AZ,VIP,Sports,1,368,22.68,47.47,Credit Card,01-04-2024
ORD00209,CUST0209,21,Female,Chicago,AZ,VIP,Sports,4,1232,21.34,144.5,UPI,23-01-2023
ORD00210,CUST0210,43,Female,New York,CA,Regular,Beauty,1,43,5.47,5.82,Net Banking,12-03-2023
ORD00211,CUST0211,48,Male,Phoenix,TX,Premium,Clothing,2,824,158.58,106.06,Cash,27-01-2024
ORD00212,CUST0212,46,Female,San Diego,NY,Premium,Beauty,2,708,182.72,35.61,Net Banking,25-06-2024
ORD00213,CUST0213,26,Other,Houston,NY,Premium,Electronics,3,771,155.78,81,Net Banking,24-08-2023
ORD00214,CUST0214,33,Female,San Antonio,CA,VIP,Home & Kitchen,2,998,262.04,121.3,Credit Card,05-03-2024
ORD00215,CUST0215,57,Male,Houston,CA,Regular,Electronics,1,324,3.26,44.8,Credit Card,15-02-2023
ORD00216,CUST0216,43,Female,Houston,AZ,Premium,Clothing,1,91,13.76,7.21,Net Banking,14-08-2024
ORD00217,CUST0217,56,Other,San Antonio,CA,Regular,Home & Kitchen,2,716,111.96,67.67,UPI,24-07-2024
ORD00218,CUST0218,55,Other,Chicago,TX,VIP,Beauty,4,176,51.34,23.84,Cash,23-11-2023
ORD00219,CUST0219,62,Female,San Diego,CA,Premium,Home & Kitchen,4,456,103.2,42.7,Debit Card,25-12-2024
ORD00220,CUST0220,27,Female,New York,AZ,Regular,Sports,4,1220,193.98,111.08,UPI,05-12-2023
ORD00221,CUST0221,59,Male,Dallas,IL,VIP,Electronics,5,1950,485.2,84.56,Cash,11-09-2024
ORD00222,CUST0222,56,Male,Los Angeles,CA,Premium,Beauty,5,655,94.2,101.18,UPI,16-01-2023
ORD00223,CUST0223,31,Male,Los Angeles,TX,Premium,Clothing,5,1900,116.57,333.98,Net Banking,17-10-2023
ORD00224,CUST0224,42,Female,San Jose,IL,VIP,Home & Kitchen,3,612,94.15,64.52,Credit Card,25-04-2024
ORD00225,CUST0225,38,Male,San Antonio,IL,Premium,Sports,1,308,79.84,36.78,Credit Card,20-07-2024
ORD00226,CUST0226,55,Other,San Diego,IL,Premium,Clothing,2,376,25.95,47.42,Debit Card,17-07-2024
ORD00227,CUST0227,59,Other,San Antonio,IL,Regular,Sports,4,1020,51.48,163.92,Debit Card,13-07-2024
ORD00228,CUST0228,49,Male,San Jose,NY,Regular,Beauty,1,449,114.05,64.24,Credit Card,27-02-2024
ORD00229,CUST0229,26,Other,Houston,NY,VIP,Clothing,1,131,19.88,11.78,Net Banking,13-11-2024
ORD00230,CUST0230,57,Female,Dallas,NY,VIP,Electronics,5,1510,186.34,69.5,UPI,21-10-2023
ORD00231,CUST0231,19,Other,San Diego,CA,Premium,Electronics,1,288,12.86,21.68,Net Banking,29-12-2023
ORD00232,CUST0232,35,Female,Los Angeles,IL,VIP,Sports,4,1236,90.18,177.13,UPI,24-03-2023
ORD00233,CUST0233,59,Other,New York,NY,VIP,Sports,4,852,141.27,41.52,Credit Card,25-06-2023
ORD00234,CUST0234,23,Female,San Diego,IL,VIP,Beauty,1,478,75.74,22.68,Debit Card,03-08-2024
ORD00235,CUST0235,48,Female,New York,NY,Regular,Home & Kitchen,5,1540,304.05,95.05,UPI,01-08-2023
ORD00236,CUST0236,55,Male,San Diego,NY,VIP,Home & Kitchen,2,616,44.44,100.14,Cash,07-07-2024
ORD00237,CUST0237,39,Female,Chicago,NY,Premium,Beauty,3,141,4.13,11.61,Credit Card,11-09-2024
ORD00238,CUST0238,57,Other,San Diego,IL,VIP,Electronics,3,1263,376.09,109.61,UPI,20-01-2024
ORD00239,CUST0239,45,Male,Austin,TX,Premium,Electronics,5,855,204.7,102.08,Credit Card,07-06-2023
ORD00240,CUST0240,42,Other,Chicago,TX,Premium,Home & Kitchen,3,222,6.1,41.33,Cash,04-10-2023
ORD00241,CUST0241,24,Male,Los Angeles,CA,Regular,Sports,4,1220,203.03,113.09,Credit Card,29-12-2023
ORD00242,CUST0242,53,Male,Austin,AZ,VIP,Home & Kitchen,4,104,9.11,10.26,Credit Card,26-07-2024
ORD00243,CUST0243,33,Other,San Jose,CA,Regular,Sports,2,182,14.68,15.1,Debit Card,21-06-2023
ORD00244,CUST0244,45,Female,San Diego,IL,VIP,Sports,1,204,15.4,16.41,Cash,23-09-2024
ORD00245,CUST0245,30,Female,Los Angeles,CA,Premium,Home & Kitchen,1,222,22.13,28.59,UPI,09-12-2023
ORD00246,CUST0246,45,Other,Austin,CA,Regular,Home & Kitchen,3,984,279.64,56.44,UPI,12-02-2024
ORD00247,CUST0247,38,Female,Dallas,AZ,Regular,Clothing,3,636,53.48,97.79,UPI,31-07-2024
ORD00248,CUST0248,30,Other,San Jose,CA,Premium,Beauty,1,392,54.29,52.77,Cash,10-12-2024
ORD00249,CUST0249,22,Female,Dallas,CA,Regular,Home & Kitchen,2,298,58.88,37.61,Cash,04-04-2024
ORD00250,CUST0250,56,Female,Austin,TX,Regular,Beauty,5,2460,679.25,273.8,Net Banking,04-01-2024
ORD00251,CUST0251,62,Other,Austin,NY,Regular,Electronics,2,712,141.98,42.72,Net Banking,30-07-2024
ORD00252,CUST0252,59,Other,San Diego,IL,VIP,Sports,1,25,0.74,2.02,Net Banking,17-08-2024
ORD00253,CUST0253,62,Other,Houston,TX,Regular,Home & Kitchen,4,1028,238.19,109.22,Net Banking,20-12-2023
ORD00254,CUST0254,19,Female,Los Angeles,IL,Premium,Sports,1,79,19.7,9.46,UPI,18-12-2023
ORD00255,CUST0255,47,Male,San Jose,TX,Regular,Home & Kitchen,4,276,36.28,37.04,UPI,04-11-2023
ORD00256,CUST0256,20,Other,Los Angeles,NY,VIP,Home & Kitchen,1,366,87.85,52.71,Debit Card,28-06-2023
ORD00257,CUST0257,53,Male,San Antonio,AZ,VIP,Sports,4,552,132.11,60.66,Debit Card,04-11-2024
ORD00258,CUST0258,45,Female,New York,AZ,Regular,Clothing,4,1292,166.49,57.03,Debit Card,13-10-2023
ORD00259,CUST0259,63,Male,Austin,NY,VIP,Beauty,2,414,40.49,44.31,UPI,16-05-2024
ORD00260,CUST0260,51,Other,San Antonio,AZ,VIP,Sports,5,1100,193.71,92.61,Cash,26-06-2023
ORD00261,CUST0261,61,Other,Phoenix,AZ,Regular,Beauty,1,364,14.63,23.65,UPI,07-07-2023
ORD00262,CUST0262,41,Other,Chicago,AZ,Premium,Sports,4,1300,53.77,134.04,Debit Card,12-10-2024
ORD00263,CUST0263,52,Other,Chicago,AZ,VIP,Clothing,4,668,28.12,62.19,Cash,24-02-2023
ORD00264,CUST0264,40,Male,Dallas,CA,Premium,Clothing,4,1228,186.2,129.44,Cash,28-12-2024
ORD00265,CUST0265,46,Female,Chicago,NY,Regular,Beauty,1,427,97.49,30.91,UPI,04-07-2024
ORD00266,CUST0266,36,Male,Dallas,AZ,Premium,Sports,5,1405,47.72,91.12,Net Banking,09-07-2024
ORD00267,CUST0267,20,Other,Dallas,AZ,Premium,Clothing,4,288,63.59,33.22,Debit Card,03-02-2023
ORD00268,CUST0268,46,Female,San Antonio,NY,VIP,Sports,1,417,101.57,25.7,Net Banking,26-12-2023
ORD00269,CUST0269,63,Other,San Diego,CA,VIP,Beauty,2,842,52.19,64.01,Credit Card,26-12-2023
ORD00270,CUST0270,52,Female,Austin,AZ,VIP,Clothing,3,1140,100.08,141.34,Net Banking,08-04-2023
ORD00271,CUST0271,26,Female,New York,IL,VIP,Clothing,2,294,12.9,27.64,Debit Card,07-02-2024
ORD00272,CUST0272,49,Male,Austin,IL,Premium,Sports,4,1004,22.75,166.02,Credit Card,11-06-2024
ORD00273,CUST0273,65,Female,San Antonio,TX,VIP,Sports,3,951,0.71,157.86,Credit Card,14-04-2024
ORD00274,CUST0274,58,Other,San Antonio,NY,Premium,Beauty,4,524,152.19,64.59,Cash,27-11-2023
ORD00275,CUST0275,36,Female,San Jose,AZ,Regular,Clothing,5,2280,331.97,197.84,Credit Card,12-04-2023
ORD00276,CUST0276,58,Female,New York,NY,VIP,Clothing,4,1012,0.21,195.99,Debit Card,16-05-2023
ORD00277,CUST0277,59,Female,Chicago,IL,Regular,Electronics,3,444,10.98,64.81,Debit Card,10-02-2024
ORD00278,CUST0278,58,Female,Houston,TX,Regular,Electronics,1,20,1.28,1.15,Net Banking,15-06-2024
ORD00279,CUST0279,61,Female,New York,NY,Regular,Home & Kitchen,1,460,58.28,28.05,Credit Card,28-01-2024
ORD00280,CUST0280,23,Other,Los Angeles,NY,VIP,Home & Kitchen,3,1413,126.85,138.14,Debit Card,24-11-2024
ORD00281,CUST0281,27,Male,San Jose,AZ,VIP,Electronics,5,1760,86.65,171.82,Debit Card,05-06-2023
ORD00282,CUST0282,44,Other,Dallas,CA,Premium,Electronics,1,91,20.54,9.75,Cash,15-03-2024
ORD00283,CUST0283,38,Male,Houston,IL,VIP,Electronics,2,606,109.26,78.57,UPI,28-01-2023
ORD00284,CUST0284,60,Female,Houston,AZ,Regular,Beauty,5,580,130.12,42.44,Credit Card,21-05-2024
ORD00285,CUST0285,42,Male,Houston,TX,Premium,Beauty,1,290,77.32,11.02,UPI,16-05-2023
ORD00286,CUST0286,42,Other,San Diego,IL,Regular,Beauty,2,820,115.87,139.49,Credit Card,24-08-2024
ORD00287,CUST0287,22,Male,Phoenix,CA,Premium,Electronics,1,424,50.62,34.71,Net Banking,09-03-2024
ORD00288,CUST0288,62,Female,Los Angeles,AZ,Regular,Beauty,5,490,40.79,43.34,Net Banking,09-06-2023
ORD00289,CUST0289,52,Female,San Diego,AZ,Regular,Electronics,3,1131,148.44,189.65,Debit Card,08-09-2023
ORD00290,CUST0290,23,Female,Los Angeles,TX,Regular,Beauty,5,240,22.27,35.11,Debit Card,13-01-2023
ORD00291,CUST0291,63,Male,New York,CA,Regular,Sports,3,861,133.6,126.11,UPI,16-01-2024
ORD00292,CUST0292,26,Other,Phoenix,NY,VIP,Electronics,3,1299,167.31,145.51,UPI,13-08-2024
ORD00293,CUST0293,58,Male,Dallas,TX,Regular,Beauty,3,144,21.58,16.53,UPI,19-09-2023
ORD00294,CUST0294,24,Other,Los Angeles,CA,Premium,Beauty,1,42,10.82,1.62,Credit Card,08-01-2024
ORD00295,CUST0295,42,Male,Chicago,NY,Premium,Beauty,4,536,51.75,54.45,UPI,21-03-2023
ORD00296,CUST0296,54,Female,Los Angeles,AZ,Regular,Electronics,2,268,64.67,40.1,Cash,21-04-2024
ORD00297,CUST0297,36,Female,San Antonio,NY,VIP,Beauty,4,96,10.62,8,UPI,29-09-2024
ORD00298,CUST0298,33,Female,San Antonio,AZ,Regular,Sports,2,790,213.41,94.6,Debit Card,07-01-2023
ORD00299,CUST0299,44,Male,Houston,AZ,Regular,Home & Kitchen,1,191,0.08,28.37,UPI,30-07-2023
ORD00300,CUST0300,51,Male,San Diego,TX,VIP,Electronics,2,768,64.47,39.81,Debit Card,27-02-2024
ORD00301,CUST0301,62,Female,Dallas,NY,VIP,Beauty,1,278,11.14,46.17,Credit Card,04-08-2024
ORD00302,CUST0302,21,Female,Chicago,CA,Premium,Home & Kitchen,3,1365,129,210.27,UPI,08-04-2024
ORD00303,CUST0303,35,Male,Los Angeles,CA,Premium,Clothing,5,375,17.48,26.69,Cash,21-02-2024
ORD00304,CUST0304,25,Other,San Antonio,CA,VIP,Sports,3,771,61.3,48.25,Debit Card,08-11-2023
ORD00305,CUST0305,63,Other,Austin,NY,Premium,Clothing,3,285,7.8,24.18,UPI,09-06-2024
ORD00306,CUST0306,21,Other,Phoenix,IL,Regular,Clothing,1,227,58.2,22.52,Net Banking,07-04-2023
ORD00307,CUST0307,47,Male,Chicago,NY,Premium,Electronics,1,445,104.26,28.4,Debit Card,17-01-2024
ORD00308,CUST0308,61,Other,Los Angeles,AZ,Regular,Beauty,3,1467,357.69,59.09,Credit Card,23-10-2024
ORD00309,CUST0309,46,Male,Los Angeles,IL,VIP,Electronics,1,256,3.89,47.55,Cash,09-02-2024
ORD00310,CUST0310,49,Male,San Diego,TX,Regular,Clothing,3,387,105.45,25.69,Cash,05-02-2023
ORD00311,CUST0311,57,Other,Austin,CA,Premium,Home & Kitchen,4,920,243.65,82.42,Credit Card,28-01-2024
ORD00312,CUST0312,26,Female,Houston,AZ,Premium,Clothing,5,2130,12.48,227.37,UPI,11-07-2024
ORD00313,CUST0313,49,Female,Austin,AZ,Regular,Home & Kitchen,4,632,34.09,58.49,Debit Card,15-10-2023
ORD00314,CUST0314,21,Female,San Jose,IL,VIP,Beauty,2,202,6.07,29.1,UPI,27-02-2023
ORD00315,CUST0315,32,Other,San Diego,IL,VIP,Clothing,2,282,50.13,39.63,UPI,29-01-2023
ORD00316,CUST0316,63,Other,San Antonio,AZ,VIP,Beauty,2,616,175.26,77.35,Cash,13-11-2023
ORD00317,CUST0317,29,Female,New York,NY,Premium,Electronics,2,656,43.06,79.05,Credit Card,20-09-2024
ORD00318,CUST0318,30,Male,San Antonio,CA,Regular,Home & Kitchen,1,31,1.37,4.61,Debit Card,22-06-2024
ORD00319,CUST0319,41,Male,San Antonio,TX,VIP,Beauty,1,192,17.38,12.31,Debit Card,23-03-2024
ORD00320,CUST0320,58,Female,San Antonio,CA,Premium,Beauty,5,2110,225.87,282.3,Debit Card,11-11-2023
ORD00321,CUST0321,64,Other,Phoenix,CA,Regular,Clothing,1,379,107.87,29.48,Net Banking,06-07-2023
ORD00322,CUST0322,56,Female,Austin,CA,Regular,Beauty,1,499,74.28,42.33,Credit Card,22-12-2023
ORD00323,CUST0323,38,Male,Los Angeles,IL,Premium,Sports,1,155,9.75,22.37,UPI,21-04-2023
ORD00324,CUST0324,64,Male,New York,TX,Premium,Sports,4,420,111.45,38.25,Cash,13-07-2024
ORD00325,CUST0325,42,Male,Dallas,AZ,Regular,Clothing,2,502,11.1,86.82,UPI,23-11-2023
ORD00326,CUST0326,34,Male,Los Angeles,IL,Premium,Clothing,4,408,89.59,42.05,Credit Card,31-08-2024
ORD00327,CUST0327,57,Female,New York,TX,Regular,Clothing,5,2375,309.37,119.88,UPI,14-07-2023
ORD00328,CUST0328,44,Other,San Jose,AZ,VIP,Home & Kitchen,3,516,36.77,27.53,Net Banking,17-05-2024
ORD00329,CUST0329,27,Male,San Antonio,NY,Regular,Sports,1,170,42.02,18.4,Cash,10-04-2023
ORD00330,CUST0330,19,Male,Chicago,IL,Premium,Electronics,4,1808,62.65,292.75,Cash,07-11-2024
ORD00331,CUST0331,34,Male,San Jose,TX,Premium,Clothing,3,1419,162.38,98,Credit Card,26-03-2024
ORD00332,CUST0332,47,Female,Houston,IL,VIP,Beauty,1,97,21.89,11.28,Credit Card,19-12-2023
ORD00333,CUST0333,52,Female,Austin,CA,VIP,Beauty,1,450,52.26,51.06,Net Banking,01-05-2024
ORD00334,CUST0334,54,Male,Dallas,IL,VIP,Electronics,4,1928,493.92,79.17,Net Banking,08-08-2024
ORD00335,CUST0335,61,Other,Chicago,NY,Regular,Sports,2,210,61.25,25.48,Debit Card,09-03-2024
ORD00336,CUST0336,23,Other,San Diego,CA,Regular,Clothing,5,760,72.9,109.29,Credit Card,02-02-2024
ORD00337,CUST0337,53,Female,San Jose,IL,VIP,Home & Kitchen,5,1270,349.44,47.74,Net Banking,19-06-2024
ORD00338,CUST0338,44,Male,San Diego,CA,Regular,Clothing,5,1605,280.56,257.9,Credit Card,30-07-2024
ORD00339,CUST0339,24,Female,San Jose,IL,Regular,Sports,3,648,127.29,70.71,Cash,26-06-2023
ORD00340,CUST0340,35,Female,Chicago,AZ,Regular,Beauty,4,156,18.52,25,Debit Card,01-05-2024
ORD00341,CUST0341,35,Female,New York,IL,Regular,Home & Kitchen,3,489,123.65,65.3,Credit Card,18-05-2023
ORD00342,CUST0342,37,Other,Dallas,IL,Premium,Home & Kitchen,4,1316,254.87,82.97,Debit Card,11-05-2024
ORD00343,CUST0343,51,Female,New York,AZ,VIP,Clothing,1,179,38.1,15.57,Net Banking,30-01-2023
ORD00344,CUST0344,29,Male,Houston,NY,Premium,Clothing,1,253,3.84,25.93,Debit Card,13-01-2024
ORD00345,CUST0345,47,Other,San Diego,NY,VIP,Electronics,2,420,61.59,41.9,Cash,18-07-2024
ORD00346,CUST0346,40,Female,Chicago,IL,Regular,Electronics,3,102,11.83,6.71,Net Banking,15-08-2023
ORD00347,CUST0347,59,Male,Houston,IL,Premium,Sports,5,150,38.91,21.67,Credit Card,16-05-2023
ORD00348,CUST0348,59,Male,Austin,NY,Premium,Clothing,3,993,239.83,72.17,UPI,21-01-2024
ORD00349,CUST0349,40,Female,Phoenix,CA,Regular,Sports,3,1098,171.5,132.99,Net Banking,08-01-2023
ORD00350,CUST0350,50,Other,San Antonio,AZ,Premium,Beauty,5,820,73.43,49.43,Credit Card,11-10-2023
ORD00351,CUST0351,58,Female,Phoenix,IL,VIP,Home & Kitchen,2,192,29.8,13.96,Credit Card,18-02-2024
ORD00352,CUST0352,60,Female,Chicago,NY,VIP,Sports,3,456,124.07,36.74,Credit Card,26-12-2024
ORD00353,CUST0353,54,Male,San Antonio,CA,Regular,Beauty,4,1936,546.34,144.21,UPI,04-11-2024
ORD00354,CUST0354,53,Male,Phoenix,NY,VIP,Sports,2,798,61.92,126.05,Debit Card,10-12-2023
ORD00355,CUST0355,59,Male,Houston,IL,VIP,Clothing,3,705,166.68,53.67,UPI,29-10-2023
ORD00356,CUST0356,47,Male,Dallas,NY,Regular,Beauty,5,1685,36,302.45,Net Banking,28-11-2024
ORD00357,CUST0357,42,Other,Phoenix,TX,Premium,Electronics,2,180,53.59,12.82,Net Banking,27-05-2023
ORD00358,CUST0358,38,Other,Chicago,NY,Regular,Sports,3,1029,304.58,70.28,Credit Card,07-04-2024
ORD00359,CUST0359,35,Male,Chicago,AZ,Premium,Clothing,4,1688,386.67,82.25,Net Banking,10-10-2024
ORD00360,CUST0360,45,Female,San Diego,TX,Premium,Sports,1,39,6.25,5.23,Credit Card,27-06-2024
ORD00361,CUST0361,30,Male,New York,CA,Premium,Clothing,3,537,20.77,55.51,Net Banking,21-06-2023
ORD00362,CUST0362,22,Male,Phoenix,IL,Premium,Sports,5,1625,255.51,157.56,Debit Card,16-05-2024
ORD00363,CUST0363,40,Male,Chicago,TX,VIP,Electronics,2,268,58.46,14.6,Credit Card,31-05-2024
ORD00364,CUST0364,28,Male,San Antonio,NY,VIP,Sports,3,1242,199.24,59.74,Credit Card,21-04-2023
ORD00365,CUST0365,59,Male,New York,NY,Regular,Sports,4,856,31.74,72.46,Debit Card,12-12-2024
ORD00366,CUST0366,61,Other,New York,IL,Premium,Sports,1,359,56.04,43.45,Debit Card,18-04-2023
ORD00367,CUST0367,50,Other,Austin,NY,Premium,Home & Kitchen,1,421,13.42,32.52,Debit Card,19-06-2024
ORD00368,CUST0368,30,Female,San Diego,IL,Premium,Clothing,1,300,44.67,20.72,Cash,29-08-2023
ORD00369,CUST0369,18,Male,Los Angeles,NY,VIP,Beauty,4,384,109.38,45.84,Credit Card,14-04-2023
ORD00370,CUST0370,34,Other,Houston,TX,Premium,Home & Kitchen,3,771,11.58,130.6,Credit Card,04-01-2024
ORD00371,CUST0371,61,Female,San Diego,NY,Premium,Electronics,1,24,6.13,2.67,Debit Card,02-01-2024
ORD00372,CUST0372,46,Other,Phoenix,NY,Premium,Home & Kitchen,3,339,11.58,36.03,Cash,30-01-2024
ORD00373,CUST0373,62,Female,San Diego,CA,Regular,Electronics,2,752,163.88,116,Debit Card,02-03-2024
ORD00374,CUST0374,55,Female,Austin,TX,Premium,Clothing,5,1070,250.11,116.18,Debit Card,14-05-2024
ORD00375,CUST0375,25,Female,Dallas,NY,VIP,Electronics,3,1065,100.4,150.17,Net Banking,13-08-2024
ORD00376,CUST0376,64,Other,Houston,IL,Premium,Beauty,5,1860,390.92,94.44,Debit Card,21-12-2023
ORD00377,CUST0377,60,Other,San Diego,CA,Premium,Beauty,5,235,0.82,44.53,Net Banking,22-05-2024
ORD00378,CUST0378,28,Male,Dallas,IL,Premium,Clothing,3,486,7.34,39.92,Cash,29-08-2023
ORD00379,CUST0379,23,Female,Dallas,AZ,VIP,Sports,1,458,68.49,37.94,Cash,31-10-2024
ORD00380,CUST0380,19,Male,San Diego,TX,VIP,Electronics,5,1505,0.08,95.76,Net Banking,14-10-2024
ORD00381,CUST0381,37,Other,San Jose,CA,Premium,Sports,3,618,153.01,80.21,Cash,27-07-2024
ORD00382,CUST0382,57,Other,Dallas,IL,Premium,Sports,1,69,15.72,4.44,UPI,10-10-2024
ORD00383,CUST0383,36,Other,San Jose,IL,Regular,Electronics,1,479,23.59,32.36,Cash,18-09-2023
ORD00384,CUST0384,57,Male,Houston,NY,Regular,Sports,2,508,125.66,30.05,UPI,29-02-2024
ORD00385,CUST0385,20,Other,Austin,NY,Regular,Sports,4,1428,252.46,147.68,Cash,27-06-2024
ORD00386,CUST0386,65,Male,San Jose,TX,VIP,Beauty,4,1972,300.73,314.49,Debit Card,15-08-2024
ORD00387,CUST0387,29,Other,Chicago,NY,Premium,Sports,5,1650,436.93,152.38,Cash,15-09-2024
ORD00388,CUST0388,62,Male,Phoenix,TX,VIP,Home & Kitchen,3,753,181.8,40.4,Net Banking,08-06-2024
ORD00389,CUST0389,37,Other,San Jose,IL,VIP,Beauty,2,244,15.35,35.93,UPI,16-05-2023
ORD00390,CUST0390,63,Other,Chicago,AZ,VIP,Beauty,3,1149,39.78,114.07,Cash,07-08-2024
ORD00391,CUST0391,60,Other,San Diego,AZ,Regular,Home & Kitchen,4,1732,6.64,113.82,Cash,24-02-2023
ORD00392,CUST0392,60,Male,Houston,IL,Regular,Clothing,3,1107,83.21,180.09,UPI,08-07-2024
ORD00393,CUST0393,20,Female,Dallas,NY,Regular,Beauty,5,2310,155.45,316.87,Cash,07-06-2024
ORD00394,CUST0394,62,Female,New York,TX,Regular,Sports,4,1692,495.33,115.96,Net Banking,14-01-2023
ORD00395,CUST0395,65,Female,Houston,AZ,VIP,Sports,2,972,184.81,123.14,UPI,13-07-2024
ORD00396,CUST0396,65,Other,Houston,CA,VIP,Home & Kitchen,4,440,129.82,18.97,Debit Card,10-06-2024
ORD00397,CUST0397,25,Female,New York,TX,Regular,Home & Kitchen,5,775,30.24,102.48,UPI,05-12-2023
ORD00398,CUST0398,47,Other,Chicago,NY,VIP,Clothing,3,975,14.88,182.29,Net Banking,05-11-2023
ORD00399,CUST0399,49,Other,San Jose,IL,VIP,Electronics,3,867,57.21,62.82,Credit Card,13-06-2023
ORD00400,CUST0400,44,Other,San Jose,TX,Premium,Electronics,3,399,105.74,43.84,UPI,28-10-2023
ORD00401,CUST0401,31,Other,San Jose,TX,VIP,Beauty,1,78,15.65,7.29,Net Banking,07-09-2023
ORD00402,CUST0402,20,Other,San Antonio,TX,Premium,Electronics,4,604,97.89,46.78,Net Banking,10-06-2024
ORD00403,CUST0403,50,Female,Dallas,NY,VIP,Home & Kitchen,2,368,56.73,59.84,Debit Card,30-06-2024
ORD00404,CUST0404,18,Other,Los Angeles,CA,VIP,Clothing,4,1788,55.75,226.34,Cash,15-03-2023
ORD00405,CUST0405,65,Other,Chicago,NY,VIP,Sports,3,117,3.07,6.62,UPI,14-03-2023
ORD00406,CUST0406,54,Male,Phoenix,TX,VIP,Sports,4,1368,165.99,117.15,Cash,02-05-2023
ORD00407,CUST0407,52,Male,Austin,NY,Regular,Beauty,1,378,96.19,29.21,Net Banking,24-10-2023
ORD00408,CUST0408,61,Female,Austin,NY,Regular,Home & Kitchen,4,860,101.94,113.03,Cash,30-06-2024
ORD00409,CUST0409,32,Male,San Diego,AZ,Regular,Home & Kitchen,2,344,69.9,51.29,UPI,20-07-2024
ORD00410,CUST0410,53,Male,Los Angeles,NY,Premium,Electronics,5,1625,192.11,189.33,Credit Card,04-08-2023
ORD00411,CUST0411,65,Other,San Antonio,CA,Regular,Sports,5,460,22.21,36.39,UPI,28-04-2023
ORD00412,CUST0412,29,Other,Austin,NY,Premium,Beauty,4,1400,230.86,109.43,Credit Card,11-04-2023
ORD00413,CUST0413,30,Other,Austin,TX,VIP,Home & Kitchen,3,255,51.35,17.35,UPI,13-03-2023
ORD00414,CUST0414,30,Female,Dallas,TX,VIP,Home & Kitchen,5,1785,163.69,223.13,Net Banking,09-01-2024
ORD00415,CUST0415,38,Female,Chicago,NY,Premium,Home & Kitchen,2,844,56.09,126.83,Cash,04-01-2024
ORD00416,CUST0416,26,Other,San Antonio,TX,Regular,Sports,4,812,188.73,76.69,Credit Card,23-10-2024
ORD00417,CUST0417,56,Male,Phoenix,CA,Regular,Beauty,2,308,67.78,34.59,Credit Card,03-06-2024
ORD00418,CUST0418,58,Male,Austin,AZ,VIP,Sports,5,640,174.01,61.86,Net Banking,28-04-2024
ORD00419,CUST0419,59,Male,San Antonio,TX,VIP,Clothing,5,1975,507.87,102.82,Net Banking,03-04-2023
ORD00420,CUST0420,43,Female,San Jose,NY,Regular,Clothing,5,1850,92.04,223.47,Cash,03-07-2023
ORD00421,CUST0421,54,Other,Chicago,TX,Premium,Home & Kitchen,1,132,30.15,8.63,UPI,28-08-2023
ORD00422,CUST0422,20,Other,Houston,AZ,VIP,Home & Kitchen,4,1040,286.39,137.33,Credit Card,28-11-2023
ORD00423,CUST0423,24,Other,San Jose,IL,Premium,Home & Kitchen,5,1490,254.86,131.54,Cash,24-08-2024
ORD00424,CUST0424,59,Male,San Jose,IL,Premium,Sports,2,568,69.16,86.09,UPI,08-05-2024
ORD00425,CUST0425,56,Male,San Jose,CA,Regular,Sports,2,274,6.34,39.22,Debit Card,11-07-2023
ORD00426,CUST0426,28,Female,Austin,NY,Premium,Clothing,4,1740,172.38,105.03,Cash,04-08-2023
ORD00427,CUST0427,55,Male,San Diego,NY,Regular,Clothing,1,85,14.62,5.22,Net Banking,09-08-2024
ORD00428,CUST0428,27,Male,Chicago,IL,VIP,Clothing,5,1135,204.08,125.25,Credit Card,08-11-2024
ORD00429,CUST0429,36,Male,Houston,TX,VIP,Beauty,4,1856,268.19,131.64,Cash,27-05-2023
ORD00430,CUST0430,55,Male,Austin,AZ,VIP,Home & Kitchen,2,780,160.43,116.7,Net Banking,12-03-2023
ORD00431,CUST0431,32,Female,San Diego,CA,Regular,Electronics,1,123,19.29,19.33,Cash,12-09-2024
ORD00432,CUST0432,24,Male,Dallas,AZ,Regular,Beauty,1,469,110.29,45.02,Credit Card,08-05-2024
ORD00433,CUST0433,60,Male,Austin,AZ,Premium,Electronics,4,1148,144.88,181.79,Net Banking,23-08-2023
ORD00434,CUST0434,48,Female,San Antonio,AZ,Regular,Beauty,1,237,9.52,27.66,Debit Card,18-10-2023
ORD00435,CUST0435,56,Other,San Diego,IL,Regular,Clothing,1,383,85.44,15.2,Net Banking,16-06-2024
ORD00436,CUST0436,18,Female,Houston,IL,Premium,Sports,3,222,10.31,31.27,UPI,02-07-2024
ORD00437,CUST0437,45,Other,San Antonio,AZ,Premium,Home & Kitchen,4,1624,99.24,202.51,Net Banking,03-07-2023
ORD00438,CUST0438,41,Other,San Jose,TX,VIP,Home & Kitchen,3,945,97.63,132.04,Debit Card,02-05-2023
ORD00439,CUST0439,65,Male,Dallas,CA,VIP,Electronics,2,560,67.29,49.65,Net Banking,14-12-2024
ORD00440,CUST0440,61,Other,New York,CA,Premium,Sports,1,431,11.78,30.1,Net Banking,01-04-2023
ORD00441,CUST0441,22,Female,Houston,IL,VIP,Electronics,5,195,42.38,28.94,Cash,02-11-2024
ORD00442,CUST0442,51,Female,Austin,NY,Premium,Clothing,4,976,3.14,172.77,Net Banking,19-07-2023
ORD00443,CUST0443,20,Other,San Jose,AZ,Regular,Clothing,5,530,107.17,43.96,Credit Card,30-03-2023
ORD00444,CUST0444,35,Female,San Antonio,TX,Regular,Sports,5,610,94.75,82.72,Credit Card,16-07-2024
ORD00445,CUST0445,36,Other,San Jose,AZ,Premium,Home & Kitchen,3,1311,108.75,169.46,Debit Card,18-02-2024
ORD00446,CUST0446,54,Male,Phoenix,CA,Regular,Sports,5,370,62.01,38.65,UPI,09-06-2024
ORD00447,CUST0447,34,Other,Austin,IL,Premium,Sports,4,1232,178.75,91.1,UPI,28-11-2024
ORD00448,CUST0448,47,Other,New York,TX,VIP,Electronics,3,162,18.6,24.13,Debit Card,19-12-2024
ORD00449,CUST0449,32,Female,San Diego,IL,Regular,Beauty,5,120,25.23,8.48,UPI,13-02-2024
ORD00450,CUST0450,61,Other,San Antonio,NY,Premium,Beauty,2,526,49.53,39.44,Net Banking,07-07-2023
ORD00451,CUST0451,65,Other,Houston,TX,Regular,Clothing,2,792,57.51,65.97,Debit Card,13-09-2023
ORD00452,CUST0452,57,Female,Chicago,NY,VIP,Electronics,1,366,104.94,32.35,Credit Card,13-02-2023
ORD00453,CUST0453,48,Female,Austin,IL,Premium,Sports,5,2320,191.21,164.83,Net Banking,12-02-2024
ORD00454,CUST0454,32,Other,Chicago,NY,Premium,Beauty,4,1056,297.68,41.62,UPI,03-12-2024
ORD00455,CUST0455,29,Female,Los Angeles,AZ,VIP,Sports,3,1116,2.82,168.22,Cash,14-04-2023
ORD00456,CUST0456,38,Female,Austin,IL,Premium,Clothing,5,770,54.78,86.33,Net Banking,10-01-2024
ORD00457,CUST0457,29,Female,San Diego,CA,VIP,Sports,3,618,158.39,42.26,Debit Card,15-05-2023
ORD00458,CUST0458,54,Other,Houston,NY,VIP,Home & Kitchen,2,608,78.84,56.69,Debit Card,03-06-2023
ORD00459,CUST0459,48,Male,Chicago,TX,Premium,Sports,2,954,243.1,90.68,UPI,04-11-2023
ORD00460,CUST0460,34,Other,Austin,NY,Premium,Sports,1,373,18.28,29.2,UPI,06-10-2024
ORD00461,CUST0461,24,Female,San Antonio,IL,Regular,Home & Kitchen,3,918,153.53,131.11,UPI,26-02-2024
ORD00462,CUST0462,25,Female,Austin,CA,Premium,Beauty,5,1760,342.74,107.97,UPI,29-11-2023
ORD00463,CUST0463,61,Other,Dallas,TX,Regular,Electronics,4,1336,114.84,176.77,Debit Card,17-10-2024
ORD00464,CUST0464,39,Female,Austin,AZ,VIP,Sports,1,60,2.92,4.81,UPI,26-10-2023
ORD00465,CUST0465,63,Female,Austin,TX,VIP,Home & Kitchen,4,1676,433.82,129.78,Net Banking,06-04-2024
ORD00466,CUST0466,44,Male,Chicago,NY,Regular,Clothing,2,716,54.05,106.96,Credit Card,20-06-2023
ORD00467,CUST0467,43,Male,Los Angeles,NY,Regular,Sports,5,235,1.86,25.54,Credit Card,26-09-2023
ORD00468,CUST0468,57,Male,Los Angeles,TX,Regular,Home & Kitchen,2,292,64.61,26.49,Debit Card,23-06-2024
ORD00469,CUST0469,28,Male,New York,IL,VIP,Home & Kitchen,4,1036,303.02,96.08,UPI,31-03-2024
ORD00470,CUST0470,26,Other,San Jose,CA,Premium,Beauty,5,1265,239.48,149.09,Net Banking,20-06-2024
ORD00471,CUST0471,58,Other,San Jose,IL,Premium,Home & Kitchen,4,1184,80.68,69.99,UPI,27-02-2024
ORD00472,CUST0472,34,Male,Phoenix,NY,Premium,Electronics,5,2185,497.06,118.91,UPI,01-07-2024
ORD00473,CUST0473,18,Other,Dallas,TX,Regular,Home & Kitchen,1,412,53.2,33.71,Debit Card,15-07-2024
ORD00474,CUST0474,41,Male,San Diego,AZ,Premium,Sports,4,588,28.8,89.79,Cash,14-08-2023
ORD00475,CUST0475,34,Male,San Diego,CA,Premium,Beauty,5,2165,450.7,155.62,Net Banking,27-02-2024
ORD00476,CUST0476,30,Male,Chicago,CA,Premium,Home & Kitchen,1,346,47.26,35.23,Net Banking,12-07-2023
ORD00477,CUST0477,38,Male,Chicago,NY,VIP,Beauty,1,115,33.55,7.52,Debit Card,24-03-2024
ORD00478,CUST0478,64,Male,Houston,NY,Premium,Clothing,1,272,17.72,28.74,Cash,19-04-2024
ORD00479,CUST0479,62,Male,San Antonio,NY,Regular,Clothing,1,156,36.3,7.27,Cash,16-07-2023
ORD00480,CUST0480,34,Female,New York,NY,Regular,Clothing,4,1656,484.37,102.02,Credit Card,16-04-2024
ORD00481,CUST0481,65,Male,San Jose,CA,VIP,Sports,4,1472,424.47,199.48,Debit Card,13-02-2023
ORD00482,CUST0482,65,Other,San Jose,NY,VIP,Home & Kitchen,4,1384,124.07,131.11,Credit Card,12-08-2023
ORD00483,CUST0483,25,Male,San Diego,IL,Regular,Electronics,2,852,70.57,53.1,Debit Card,13-02-2023
ORD00484,CUST0484,55,Other,Dallas,AZ,VIP,Clothing,3,1242,33.34,89.02,Credit Card,25-09-2024
ORD00485,CUST0485,39,Other,New York,NY,Regular,Home & Kitchen,2,758,121.97,42.05,Cash,21-11-2023
ORD00486,CUST0486,53,Other,San Antonio,TX,Regular,Clothing,1,372,42.16,52.33,UPI,11-05-2024
ORD00487,CUST0487,63,Female,San Jose,IL,VIP,Beauty,4,468,79.56,51.1,UPI,24-04-2024
ORD00488,CUST0488,35,Other,San Jose,CA,Premium,Electronics,5,495,66.73,74.05,Net Banking,09-04-2024
ORD00489,CUST0489,18,Other,San Jose,TX,Premium,Clothing,1,337,86.63,41.66,Debit Card,06-03-2023
ORD00490,CUST0490,60,Other,San Diego,CA,Premium,Beauty,4,1648,272.65,195.24,UPI,18-10-2024
ORD00491,CUST0491,38,Male,Los Angeles,AZ,Regular,Electronics,1,447,125.76,24.67,Credit Card,20-04-2023
ORD00492,CUST0492,49,Male,Los Angeles,NY,Premium,Beauty,4,1424,209.29,174.43,Net Banking,20-02-2023
ORD00493,CUST0493,41,Male,Austin,NY,Premium,Electronics,2,710,104.67,111.06,Credit Card,16-10-2024
ORD00494,CUST0494,21,Female,San Jose,TX,Premium,Home & Kitchen,1,441,81.62,46.49,Credit Card,21-03-2023
ORD00495,CUST0495,31,Other,Los Angeles,NY,VIP,Clothing,5,1085,61.67,131.94,Debit Card,02-10-2024
ORD00496,CUST0496,29,Other,San Jose,TX,Regular,Electronics,5,1015,205.38,125.8,Cash,20-06-2023
ORD00497,CUST0497,29,Other,San Diego,AZ,Premium,Home & Kitchen,2,586,175.52,47.8,UPI,17-07-2024
ORD00498,CUST0498,38,Female,San Diego,TX,VIP,Home & Kitchen,5,715,120.79,48.78,Net Banking,18-09-2023
ORD00499,CUST0499,41,Female,Dallas,TX,Regular,Electronics,1,165,29.49,17.3,UPI,04-11-2023
ORD00500,CUST0500,32,Male,San Antonio,NY,Regular,Home & Kitchen,5,1405,234.49,221.1,Debit Card,08-02-2023
ORD00501,CUST0501,47,Female,Chicago,CA,Regular,Home & Kitchen,3,1425,248.87,99.91,UPI,07-08-2024
ORD00502,CUST0502,43,Other,Houston,NY,Regular,Home & Kitchen,4,432,63.28,68.16,Net Banking,01-09-2024
ORD00503,CUST0503,59,Female,New York,AZ,Premium,Sports,1,419,7.03,68.24,UPI,02-03-2024
ORD00504,CUST0504,25,Male,Austin,NY,Regular,Sports,1,176,27.69,14.52,Net Banking,01-12-2023
ORD00505,CUST0505,50,Other,Houston,CA,Regular,Electronics,4,992,224.05,104.66,Credit Card,18-03-2024
ORD00506,CUST0506,36,Female,Chicago,CA,Premium,Home & Kitchen,1,263,45.09,12.51,Cash,29-03-2023
ORD00507,CUST0507,43,Other,San Diego,CA,Regular,Clothing,4,1224,72.75,125.83,Net Banking,28-07-2024
ORD00508,CUST0508,57,Other,San Jose,CA,Regular,Clothing,1,156,36.35,11.79,Net Banking,26-04-2023
ORD00509,CUST0509,60,Female,San Diego,IL,Regular,Home & Kitchen,2,368,38.04,48.94,UPI,25-12-2023
ORD00510,CUST0510,57,Female,Austin,CA,Regular,Sports,1,493,121.01,29.74,UPI,29-03-2023
ORD00511,CUST0511,25,Other,New York,CA,VIP,Beauty,2,928,231.75,64.86,UPI,24-04-2023
ORD00512,CUST0512,37,Female,Dallas,NY,Premium,Home & Kitchen,2,796,128.48,53.78,Net Banking,15-07-2024
ORD00513,CUST0513,48,Other,Chicago,NY,Regular,Sports,5,2415,480.73,109.33,Debit Card,18-10-2023
ORD00514,CUST0514,30,Other,Austin,IL,VIP,Electronics,4,1420,402.65,61.03,UPI,06-11-2024
ORD00515,CUST0515,41,Male,New York,IL,Premium,Sports,2,428,65.3,56.75,UPI,03-09-2024
ORD00516,CUST0516,52,Male,Chicago,CA,VIP,Beauty,4,1228,341.27,47.19,Debit Card,09-11-2023
ORD00517,CUST0517,39,Female,San Diego,CA,VIP,Electronics,3,1110,117.19,142.75,Debit Card,10-10-2023
ORD00518,CUST0518,21,Other,Phoenix,TX,VIP,Electronics,5,815,55.15,76.95,Cash,21-05-2023
ORD00519,CUST0519,23,Other,San Diego,AZ,VIP,Beauty,2,466,33.6,31.53,UPI,04-12-2023
ORD00520,CUST0520,46,Other,Chicago,CA,Premium,Clothing,5,1485,304.74,94.83,Debit Card,06-12-2024
ORD00521,CUST0521,63,Other,Chicago,TX,VIP,Clothing,5,2445,115.93,140.15,Net Banking,02-05-2023
ORD00522,CUST0522,29,Female,Chicago,NY,Regular,Home & Kitchen,4,920,83.72,135.34,UPI,12-07-2023
ORD00523,CUST0523,24,Male,Chicago,NY,Regular,Beauty,5,780,141.71,90.54,Net Banking,25-08-2023
ORD00524,CUST0524,61,Male,San Antonio,NY,Regular,Sports,2,554,140.63,49.73,UPI,01-02-2024
ORD00525,CUST0525,49,Female,Chicago,CA,Premium,Clothing,2,72,8.83,12.34,UPI,16-08-2023
ORD00526,CUST0526,65,Other,Houston,CA,Premium,Electronics,2,988,282.97,81.71,Net Banking,05-12-2024
ORD00527,CUST0527,38,Female,Houston,TX,Premium,Sports,1,331,73.02,27.62,UPI,18-09-2024
ORD00528,CUST0528,65,Other,Austin,AZ,Regular,Beauty,1,286,9.38,32.79,Credit Card,15-06-2024
ORD00529,CUST0529,52,Female,New York,AZ,Premium,Sports,5,2055,388.79,95.63,UPI,12-02-2024
ORD00530,CUST0530,37,Female,Dallas,CA,Premium,Sports,3,999,275.43,111.06,Debit Card,23-10-2024
ORD00531,CUST0531,46,Male,San Jose,NY,Premium,Clothing,5,2500,670.75,241.39,Cash,28-11-2023
ORD00532,CUST0532,46,Male,Chicago,TX,VIP,Beauty,2,942,128.49,71.19,Debit Card,07-05-2023
ORD00533,CUST0533,23,Male,Dallas,IL,VIP,Electronics,5,1910,220.08,285.02,Net Banking,13-06-2023
ORD00534,CUST0534,42,Other,San Diego,NY,Regular,Clothing,3,927,242.31,122.83,Debit Card,03-07-2023
ORD00535,CUST0535,63,Male,San Diego,IL,Regular,Home & Kitchen,4,668,125.54,36.69,Debit Card,04-01-2023
ORD00536,CUST0536,57,Female,New York,TX,Regular,Sports,4,1192,288.75,127.54,Cash,11-08-2023
ORD00537,CUST0537,55,Other,Dallas,TX,Premium,Sports,4,240,43.29,10.03,Net Banking,26-09-2024
ORD00538,CUST0538,58,Other,Houston,NY,VIP,Clothing,2,96,18.81,4.28,Credit Card,14-08-2024
ORD00539,CUST0539,56,Female,San Antonio,NY,VIP,Electronics,1,233,69.46,12.13,UPI,07-11-2024
ORD00540,CUST0540,62,Other,Austin,AZ,Regular,Beauty,2,506,113.75,40.81,Credit Card,03-11-2023
ORD00541,CUST0541,38,Female,San Diego,NY,Premium,Sports,5,265,23.28,16.96,UPI,23-06-2024
ORD00542,CUST0542,44,Other,Houston,CA,Regular,Beauty,1,75,12.86,12.24,Net Banking,10-05-2024
ORD00543,CUST0543,64,Other,Austin,IL,Premium,Sports,5,2270,215.53,264.63,Net Banking,13-05-2023
ORD00544,CUST0544,57,Other,Dallas,AZ,Regular,Sports,4,1732,93.48,231.7,UPI,02-01-2023
ORD00545,CUST0545,25,Male,Dallas,NY,VIP,Clothing,5,1160,144.09,101.66,Net Banking,06-08-2023
ORD00546,CUST0546,18,Other,Houston,IL,Regular,Home & Kitchen,1,177,15.95,21.34,Credit Card,03-12-2024
ORD00547,CUST0547,39,Female,San Diego,AZ,VIP,Beauty,1,446,23.5,42.07,UPI,05-05-2024
ORD00548,CUST0548,48,Male,Chicago,TX,Premium,Clothing,4,1904,494.22,259.95,Cash,27-02-2023
ORD00549,CUST0549,51,Female,Austin,IL,Regular,Beauty,5,145,9.06,20.77,UPI,02-06-2023
ORD00550,CUST0550,35,Male,San Antonio,TX,Premium,Beauty,2,624,113.38,39.88,Credit Card,23-12-2024
ORD00551,CUST0551,38,Other,New York,IL,Regular,Sports,1,274,72.09,21.35,UPI,21-06-2024
ORD00552,CUST0552,37,Male,Los Angeles,IL,VIP,Electronics,2,974,27.06,119.22,Cash,07-06-2023
ORD00553,CUST0553,30,Female,Dallas,AZ,VIP,Home & Kitchen,3,279,64.41,13.89,Net Banking,16-05-2023
ORD00554,CUST0554,31,Other,New York,TX,Regular,Sports,5,395,0.49,74.9,Net Banking,08-12-2023
ORD00555,CUST0555,47,Male,Los Angeles,AZ,Premium,Home & Kitchen,1,315,71.68,35.48,Debit Card,25-07-2023
ORD00556,CUST0556,30,Female,Phoenix,AZ,Regular,Home & Kitchen,4,1452,51.25,101.41,UPI,16-01-2023
ORD00557,CUST0557,57,Other,San Jose,NY,VIP,Clothing,5,995,163.99,75.34,UPI,08-09-2023
ORD00558,CUST0558,28,Male,Phoenix,AZ,Regular,Home & Kitchen,5,1235,18.79,66.1,Credit Card,28-01-2024
ORD00559,CUST0559,21,Male,San Diego,TX,VIP,Clothing,5,2380,423.23,343.27,Cash,31-12-2023
ORD00560,CUST0560,37,Female,Houston,AZ,Regular,Electronics,4,1240,49.03,204.76,Cash,11-04-2024
ORD00561,CUST0561,37,Other,Dallas,TX,Premium,Clothing,2,186,48.05,19.66,UPI,07-07-2023
ORD00562,CUST0562,62,Other,San Antonio,IL,Premium,Sports,4,140,2.75,9.19,Cash,24-06-2023
ORD00563,CUST0563,36,Female,Austin,AZ,Premium,Clothing,5,360,43.81,49.69,Credit Card,23-07-2024
ORD00564,CUST0564,59,Male,Phoenix,AZ,Regular,Sports,4,1288,159.75,161.49,Net Banking,08-05-2024
ORD00565,CUST0565,42,Male,San Antonio,CA,VIP,Beauty,4,1684,495.2,160.59,UPI,11-12-2024
ORD00566,CUST0566,33,Male,Los Angeles,AZ,Premium,Sports,1,323,57.76,26.21,Credit Card,30-06-2023
ORD00567,CUST0567,37,Female,Los Angeles,AZ,Regular,Electronics,5,2070,509.14,154.7,Credit Card,11-08-2023
ORD00568,CUST0568,26,Other,New York,CA,Regular,Clothing,4,1168,102.14,151.71,Cash,30-07-2023
ORD00569,CUST0569,61,Female,Phoenix,AZ,VIP,Home & Kitchen,4,1548,456.31,110.96,Credit Card,09-01-2023
ORD00570,CUST0570,57,Other,San Diego,CA,VIP,Home & Kitchen,1,209,56.5,29.77,Credit Card,27-07-2024
ORD00571,CUST0571,40,Male,Phoenix,NY,Premium,Clothing,4,1516,268.41,179.38,Cash,26-01-2024
ORD00572,CUST0572,45,Other,Houston,CA,Premium,Sports,2,232,38.66,34.12,UPI,07-06-2023
ORD00573,CUST0573,36,Other,Chicago,CA,VIP,Electronics,1,351,1.65,55.27,Cash,23-03-2024
ORD00574,CUST0574,26,Male,Chicago,TX,Premium,Sports,5,2480,316.72,166.51,Net Banking,19-07-2024
ORD00575,CUST0575,46,Female,San Antonio,CA,VIP,Clothing,4,1316,2.93,163.77,Debit Card,28-05-2024
ORD00576,CUST0576,35,Female,San Jose,AZ,VIP,Home & Kitchen,1,39,6.65,5.04,Credit Card,08-05-2024
ORD00577,CUST0577,62,Male,Chicago,AZ,Regular,Home & Kitchen,4,1136,26.66,203.55,Credit Card,28-04-2024
ORD00578,CUST0578,58,Other,Los Angeles,AZ,Premium,Beauty,3,999,15.82,99.82,Credit Card,09-04-2024
ORD00579,CUST0579,50,Female,Austin,IL,VIP,Sports,3,1284,113.49,87.94,Net Banking,08-11-2023
ORD00580,CUST0580,64,Other,Phoenix,NY,VIP,Sports,5,530,91.08,65.16,UPI,01-10-2024
ORD00581,CUST0581,19,Female,Dallas,NY,VIP,Clothing,5,295,75.35,20.14,Debit Card,15-10-2023
ORD00582,CUST0582,35,Female,New York,NY,Premium,Beauty,2,970,172.21,57.98,Cash,29-06-2023
ORD00583,CUST0583,34,Other,Houston,TX,VIP,Clothing,5,2305,22.88,450.97,Debit Card,07-06-2023
ORD00584,CUST0584,49,Female,San Diego,CA,VIP,Sports,2,254,44.03,37.01,Credit Card,28-09-2023
ORD00585,CUST0585,25,Male,Chicago,TX,Regular,Sports,4,696,99.44,114.68,Net Banking,24-01-2024
ORD00586,CUST0586,61,Other,San Diego,TX,Premium,Home & Kitchen,2,582,151.95,22.27,Cash,25-11-2024
ORD00587,CUST0587,38,Other,New York,NY,Premium,Beauty,3,1356,175.65,221.56,UPI,04-10-2023
ORD00588,CUST0588,35,Male,Phoenix,AZ,Regular,Sports,4,1660,336.29,114.2,Net Banking,16-06-2024
ORD00589,CUST0589,39,Other,Chicago,IL,Regular,Beauty,1,364,0.93,21.85,Cash,21-06-2024
ORD00590,CUST0590,24,Other,Dallas,IL,Regular,Clothing,3,444,25.72,22.4,Credit Card,31-08-2024
ORD00591,CUST0591,60,Male,Austin,NY,Regular,Electronics,1,458,83.08,39.89,Net Banking,24-04-2023
ORD00592,CUST0592,62,Male,Phoenix,IL,VIP,Sports,1,347,47.2,59.75,Cash,14-11-2024
ORD00593,CUST0593,38,Female,Chicago,NY,Premium,Home & Kitchen,1,215,25.06,37.87,UPI,02-07-2023
ORD00594,CUST0594,46,Male,Dallas,CA,Premium,Beauty,4,444,85.98,23.72,Net Banking,12-08-2023
ORD00595,CUST0595,57,Other,Los Angeles,TX,Premium,Home & Kitchen,1,37,0.81,4.91,UPI,20-01-2023
ORD00596,CUST0596,49,Male,New York,NY,Regular,Sports,3,291,61.11,42.69,Net Banking,11-06-2024
ORD00597,CUST0597,63,Female,Dallas,TX,Regular,Sports,1,296,20.06,29.71,Cash,03-08-2024
ORD00598,CUST0598,52,Female,San Antonio,IL,VIP,Sports,1,343,102.59,35.35,UPI,15-12-2023
ORD00599,CUST0599,23,Female,Phoenix,CA,VIP,Clothing,5,200,58.05,21.17,UPI,04-02-2024
ORD00600,CUST0600,24,Other,San Antonio,TX,VIP,Electronics,4,1584,90.03,82.7,Credit Card,30-08-2024
ORD00601,CUST0601,33,Female,San Diego,NY,Regular,Beauty,3,825,132.15,121.34,Cash,07-02-2023
ORD00602,CUST0602,39,Male,San Antonio,NY,VIP,Sports,1,128,30.99,14.56,Cash,03-07-2024
ORD00603,CUST0603,27,Other,Austin,CA,VIP,Electronics,1,396,16.82,56.15,Cash,16-02-2023
ORD00604,CUST0604,33,Other,Chicago,NY,VIP,Clothing,1,483,44.53,74.13,Cash,24-06-2023
ORD00605,CUST0605,55,Male,Los Angeles,NY,Premium,Sports,5,2145,396.16,104,Debit Card,12-12-2023
ORD00606,CUST0606,65,Other,San Diego,IL,Regular,Electronics,5,1495,61.59,251.51,Debit Card,30-08-2024
ORD00607,CUST0607,29,Female,Los Angeles,NY,Regular,Home & Kitchen,2,814,101.38,110.06,Net Banking,25-03-2024
ORD00608,CUST0608,33,Other,New York,CA,Regular,Electronics,5,1060,247.3,42.54,Cash,07-01-2023
ORD00609,CUST0609,18,Male,Los Angeles,AZ,Regular,Home & Kitchen,4,1500,363.34,188.55,Debit Card,27-05-2023
ORD00610,CUST0610,58,Female,San Jose,TX,Regular,Sports,2,1000,52.36,145.7,Net Banking,26-05-2024
ORD00611,CUST0611,57,Male,Phoenix,IL,Regular,Sports,1,305,21.56,19.17,Net Banking,25-09-2024
ORD00612,CUST0612,41,Other,San Jose,CA,VIP,Sports,2,322,5.13,21.2,Debit Card,30-04-2024
ORD00613,CUST0613,49,Male,Chicago,NY,Premium,Electronics,3,495,31.12,40.69,Net Banking,14-02-2023
ORD00614,CUST0614,24,Other,New York,AZ,Regular,Clothing,2,844,7.36,106.45,Credit Card,31-03-2024
ORD00615,CUST0615,55,Other,San Antonio,TX,Regular,Clothing,3,411,96.05,31.15,Credit Card,27-02-2024
ORD00616,CUST0616,30,Female,Houston,NY,VIP,Sports,5,1340,21.84,152.09,Debit Card,10-04-2024
ORD00617,CUST0617,29,Female,San Antonio,CA,Regular,Sports,2,686,73.8,55.38,UPI,02-02-2023
ORD00618,CUST0618,62,Other,New York,IL,Regular,Clothing,1,456,63.69,44.23,UPI,30-10-2023
ORD00619,CUST0619,56,Male,Austin,CA,Premium,Beauty,5,2285,157.46,237.76,Net Banking,10-08-2023
ORD00620,CUST0620,55,Female,Dallas,IL,VIP,Electronics,4,1584,414.66,101.94,Cash,16-08-2023
ORD00621,CUST0621,55,Male,Austin,NY,Regular,Sports,1,40,11.9,4.5,Net Banking,11-03-2024
ORD00622,CUST0622,51,Female,Dallas,NY,Regular,Sports,4,572,14.26,90.89,Cash,16-05-2023
ORD00623,CUST0623,40,Female,Houston,NY,VIP,Electronics,4,1448,132.42,204.57,Net Banking,20-08-2024
ORD00624,CUST0624,19,Female,Dallas,CA,VIP,Sports,2,848,221.72,90.2,Credit Card,14-03-2023
ORD00625,CUST0625,42,Other,San Antonio,AZ,VIP,Electronics,3,714,161.27,85.51,Net Banking,12-08-2024
ORD00626,CUST0626,31,Other,Los Angeles,AZ,Regular,Home & Kitchen,1,283,80.26,30.65,Credit Card,28-01-2024
ORD00627,CUST0627,41,Female,Austin,NY,VIP,Home & Kitchen,3,327,63.59,41.02,Net Banking,29-07-2023
ORD00628,CUST0628,26,Female,Houston,AZ,VIP,Electronics,4,1588,447.41,156.28,Debit Card,19-08-2023
ORD00629,CUST0629,38,Female,Phoenix,AZ,VIP,Sports,3,141,2.68,14.08,Cash,23-06-2024
ORD00630,CUST0630,25,Female,San Jose,AZ,Regular,Home & Kitchen,4,1348,148.88,181.06,Credit Card,13-04-2024
ORD00631,CUST0631,23,Male,San Diego,CA,Premium,Home & Kitchen,1,75,3.71,4.76,Debit Card,04-06-2023
ORD00632,CUST0632,31,Other,New York,IL,VIP,Sports,5,2485,98.43,243.44,Cash,22-10-2024
ORD00633,CUST0633,19,Female,Houston,NY,VIP,Electronics,2,894,254.11,93.87,Cash,18-12-2023
ORD00634,CUST0634,59,Other,San Antonio,TX,Regular,Beauty,5,2255,371.04,223.63,Net Banking,10-11-2023
ORD00635,CUST0635,28,Female,Houston,TX,Premium,Home & Kitchen,3,1242,315.04,66.97,UPI,20-06-2023
ORD00636,CUST0636,57,Male,San Jose,IL,Regular,Clothing,2,898,190.77,131.34,Debit Card,01-09-2023
ORD00637,CUST0637,25,Male,San Antonio,AZ,VIP,Clothing,4,612,67.87,43.95,Credit Card,21-11-2023
ORD00638,CUST0638,40,Male,San Antonio,TX,Premium,Beauty,2,586,53.01,100.24,Cash,29-05-2023
ORD00639,CUST0639,47,Female,Chicago,NY,VIP,Beauty,5,945,183.49,71.84,UPI,13-11-2024
ORD00640,CUST0640,27,Other,Dallas,IL,Premium,Electronics,4,1920,23.09,287.76,Credit Card,26-01-2023
ORD00641,CUST0641,43,Other,Houston,TX,VIP,Home & Kitchen,1,187,3.09,26.89,Net Banking,16-08-2023
ORD00642,CUST0642,35,Male,New York,NY,Premium,Beauty,4,1464,294.95,73.77,Net Banking,19-07-2023
ORD00643,CUST0643,49,Female,Austin,AZ,Premium,Beauty,1,485,97.01,42.54,Cash,31-01-2024
ORD00644,CUST0644,41,Male,Phoenix,IL,VIP,Home & Kitchen,3,744,195.14,34.65,Cash,01-03-2024
ORD00645,CUST0645,46,Female,Chicago,TX,Premium,Sports,2,894,157.48,46.34,Debit Card,01-05-2024
ORD00646,CUST0646,51,Female,Los Angeles,AZ,Regular,Sports,1,23,2.83,3.78,Cash,23-07-2024
ORD00647,CUST0647,47,Other,Austin,CA,Premium,Clothing,2,892,102.16,105.11,Credit Card,22-08-2024
ORD00648,CUST0648,37,Female,San Jose,TX,Regular,Clothing,1,425,0.31,37.97,Cash,31-10-2024
ORD00649,CUST0649,60,Female,San Diego,CA,VIP,Sports,2,68,2.43,6.01,Credit Card,06-01-2024
ORD00650,CUST0650,55,Female,Austin,TX,Regular,Home & Kitchen,4,1500,368.23,119.95,Net Banking,23-09-2023
ORD00651,CUST0651,28,Other,New York,CA,Premium,Home & Kitchen,4,1876,390.18,153.94,Credit Card,05-01-2024
ORD00652,CUST0652,44,Other,San Antonio,NY,VIP,Home & Kitchen,3,873,167.34,43.42,Debit Card,07-07-2023
ORD00653,CUST0653,24,Other,Chicago,AZ,VIP,Home & Kitchen,3,1329,336.9,168.64,UPI,15-12-2024
ORD00654,CUST0654,62,Female,Los Angeles,AZ,Premium,Beauty,3,1323,57.04,89.3,UPI,11-05-2024
ORD00655,CUST0655,44,Female,Chicago,NY,VIP,Clothing,2,554,36.75,40.48,Net Banking,07-12-2024
ORD00656,CUST0656,51,Other,San Jose,NY,Premium,Sports,4,1956,44.83,330.3,Credit Card,23-12-2023
ORD00657,CUST0657,37,Other,San Antonio,CA,Regular,Sports,5,1435,328.73,112.07,UPI,02-05-2023
ORD00658,CUST0658,32,Male,Chicago,CA,Regular,Home & Kitchen,2,254,9.92,15.08,Credit Card,20-01-2023
ORD00659,CUST0659,48,Female,New York,CA,Regular,Electronics,1,426,84.32,47.49,Cash,17-09-2023
ORD00660,CUST0660,20,Male,Phoenix,NY,Regular,Electronics,1,491,88.64,55.58,Debit Card,17-11-2024
ORD00661,CUST0661,40,Male,Los Angeles,CA,Regular,Home & Kitchen,5,990,104.6,157.84,Net Banking,01-06-2024
ORD00662,CUST0662,54,Male,Los Angeles,AZ,VIP,Electronics,5,655,140.66,100.11,Debit Card,05-01-2023
ORD00663,CUST0663,64,Male,Houston,AZ,Regular,Sports,3,1131,199.98,107.95,Credit Card,30-12-2023
ORD00664,CUST0664,42,Female,Houston,AZ,Regular,Clothing,4,308,70.35,23.09,Cash,16-06-2024
ORD00665,CUST0665,26,Female,San Antonio,IL,Premium,Beauty,1,62,6.1,3.77,UPI,06-09-2024
ORD00666,CUST0666,65,Female,Dallas,CA,Premium,Beauty,4,672,198.57,54.06,Credit Card,26-11-2024
ORD00667,CUST0667,41,Male,New York,TX,Regular,Electronics,4,976,153.04,124.66,Credit Card,09-02-2024
ORD00668,CUST0668,43,Other,Austin,NY,Premium,Clothing,1,206,60.27,14.69,Net Banking,06-05-2023
ORD00669,CUST0669,32,Female,Dallas,IL,Premium,Beauty,5,795,180.38,104.58,Cash,02-05-2024
ORD00670,CUST0670,60,Other,San Diego,TX,Premium,Beauty,3,285,65.66,14.52,UPI,24-05-2024
ORD00671,CUST0671,32,Other,Chicago,NY,Premium,Electronics,1,445,9.11,66.13,Debit Card,11-09-2024
ORD00672,CUST0672,61,Female,Chicago,IL,Premium,Beauty,5,345,78.68,39.72,Net Banking,22-04-2024
ORD00673,CUST0673,30,Female,Dallas,TX,Regular,Beauty,3,891,91.85,143.01,Net Banking,02-02-2023
ORD00674,CUST0674,45,Male,San Diego,TX,VIP,Home & Kitchen,4,984,135.69,46.6,Net Banking,07-11-2023
ORD00675,CUST0675,63,Male,Dallas,TX,VIP,Clothing,3,1158,135.17,168.36,Net Banking,17-05-2024
ORD00676,CUST0676,60,Other,San Jose,AZ,Premium,Sports,4,1228,314.74,115.07,Cash,21-05-2024
ORD00677,CUST0677,55,Female,Austin,IL,Premium,Home & Kitchen,3,153,1.29,8.61,UPI,20-08-2024
ORD00678,CUST0678,19,Other,San Antonio,TX,VIP,Electronics,4,784,233.31,61.56,Credit Card,08-09-2023
ORD00679,CUST0679,33,Male,Phoenix,AZ,VIP,Electronics,1,464,42.44,42.43,Credit Card,30-11-2023
ORD00680,CUST0680,20,Female,San Diego,AZ,Premium,Beauty,4,624,3.82,74.7,Credit Card,22-01-2024
ORD00681,CUST0681,54,Female,San Antonio,AZ,VIP,Electronics,4,284,58.86,18.21,Cash,14-11-2024
ORD00682,CUST0682,39,Male,Austin,IL,VIP,Home & Kitchen,4,492,73.35,74.14,Credit Card,08-08-2023
ORD00683,CUST0683,36,Female,New York,IL,VIP,Beauty,4,1724,116.83,259.45,Credit Card,15-08-2024
ORD00684,CUST0684,24,Other,San Antonio,IL,Regular,Electronics,5,2150,342.54,206.17,UPI,29-10-2024
ORD00685,CUST0685,37,Other,Phoenix,TX,Premium,Beauty,3,366,45.49,28.11,Net Banking,18-11-2024
ORD00686,CUST0686,53,Male,New York,AZ,Premium,Clothing,5,1375,87.84,250.12,Cash,15-10-2024
ORD00687,CUST0687,52,Other,San Diego,AZ,VIP,Electronics,5,610,66.66,39.21,Debit Card,02-12-2024
ORD00688,CUST0688,37,Female,San Diego,IL,Premium,Electronics,2,906,112.1,137.79,Debit Card,04-12-2024
ORD00689,CUST0689,56,Male,San Diego,CA,Premium,Electronics,2,236,1.96,39.68,UPI,12-05-2024
ORD00690,CUST0690,53,Female,San Diego,NY,VIP,Clothing,2,318,13.02,27.07,UPI,17-07-2024
ORD00691,CUST0691,29,Other,New York,TX,Regular,Electronics,1,460,123.72,32.65,UPI,21-02-2024
ORD00692,CUST0692,41,Other,Los Angeles,TX,VIP,Clothing,2,154,26.38,15.96,Credit Card,11-11-2024
ORD00693,CUST0693,55,Other,Phoenix,TX,VIP,Electronics,2,654,23.99,107.73,UPI,04-02-2024
ORD00694,CUST0694,65,Other,Houston,TX,Premium,Clothing,2,148,7.78,27.41,Cash,18-09-2023
ORD00695,CUST0695,55,Male,Dallas,AZ,Premium,Home & Kitchen,1,182,29.8,18.45,Debit Card,29-05-2023
ORD00696,CUST0696,41,Female,San Antonio,IL,VIP,Electronics,5,185,46.7,20.65,Credit Card,18-11-2024
ORD00697,CUST0697,33,Female,San Jose,TX,Premium,Home & Kitchen,3,1446,352.35,74.71,Debit Card,02-02-2024
ORD00698,CUST0698,18,Female,Phoenix,IL,VIP,Electronics,2,344,21.71,59.15,Cash,21-11-2023
ORD00699,CUST0699,59,Female,New York,IL,VIP,Electronics,4,1044,230.81,153.67,UPI,08-03-2024
ORD00700,CUST0700,24,Male,Phoenix,AZ,Premium,Electronics,3,705,127.35,99.36,UPI,12-12-2024
ORD00701,CUST0701,19,Male,Chicago,TX,Regular,Clothing,1,225,13.51,20.27,Net Banking,24-04-2023
ORD00702,CUST0702,28,Male,San Jose,CA,Premium,Beauty,4,1700,479.1,143.73,Debit Card,27-06-2023
ORD00703,CUST0703,61,Other,San Antonio,IL,VIP,Clothing,1,232,25.58,22.5,Cash,18-08-2023
ORD00704,CUST0704,19,Male,San Jose,AZ,Regular,Clothing,1,256,15.23,37.36,Debit Card,15-02-2024
ORD00705,CUST0705,57,Female,Austin,IL,VIP,Clothing,1,208,10.62,26.66,Credit Card,22-06-2024
ORD00706,CUST0706,45,Female,Dallas,NY,Premium,Clothing,2,234,66.41,28.83,UPI,21-05-2024
ORD00707,CUST0707,42,Male,San Diego,CA,Regular,Beauty,2,882,74.87,122.34,Cash,23-02-2024
ORD00708,CUST0708,27,Male,Phoenix,IL,Regular,Clothing,5,1250,340.25,95.93,Cash,11-01-2023
ORD00709,CUST0709,48,Male,San Antonio,TX,Regular,Clothing,4,1528,194.04,186.19,Credit Card,24-07-2024
ORD00710,CUST0710,21,Male,San Antonio,CA,VIP,Sports,3,990,278.98,138.71,Net Banking,16-02-2023
ORD00711,CUST0711,18,Female,San Jose,AZ,Regular,Sports,3,666,134.12,37.14,Net Banking,17-08-2024
ORD00712,CUST0712,29,Female,Chicago,AZ,Premium,Sports,3,1407,197.58,76.73,Net Banking,26-05-2023
ORD00713,CUST0713,34,Male,San Antonio,NY,Premium,Clothing,4,1864,544.31,121.61,UPI,17-10-2023
ORD00714,CUST0714,34,Other,Phoenix,AZ,Regular,Home & Kitchen,4,1908,94.44,291.13,Cash,23-07-2024
ORD00715,CUST0715,60,Other,Dallas,NY,Regular,Clothing,2,94,6.48,4.85,UPI,23-12-2024
ORD00716,CUST0716,47,Female,Los Angeles,TX,Premium,Electronics,4,808,239.69,76.23,Cash,26-04-2023
ORD00717,CUST0717,64,Male,Los Angeles,IL,Premium,Electronics,2,928,79.1,148.76,Net Banking,30-07-2024
ORD00718,CUST0718,60,Other,Houston,AZ,Regular,Electronics,5,2060,352.75,192,Credit Card,25-05-2024
ORD00719,CUST0719,61,Male,San Antonio,NY,Premium,Home & Kitchen,1,221,24.77,37.16,Credit Card,07-06-2023
ORD00720,CUST0720,19,Male,Dallas,TX,VIP,Sports,3,972,191.87,77.56,Credit Card,29-09-2024
ORD00721,CUST0721,46,Female,Austin,CA,VIP,Clothing,1,430,83.03,34.17,Credit Card,14-03-2023
ORD00722,CUST0722,53,Other,San Diego,NY,Regular,Sports,3,333,23.98,51.18,Cash,22-01-2023
ORD00723,CUST0723,31,Male,San Diego,TX,VIP,Home & Kitchen,2,162,14.51,25.1,UPI,09-09-2024
ORD00724,CUST0724,26,Female,Los Angeles,IL,VIP,Beauty,2,540,72.16,50.63,UPI,06-09-2024
ORD00725,CUST0725,45,Male,San Diego,IL,Premium,Beauty,2,484,91.58,25.09,Net Banking,19-04-2024
ORD00726,CUST0726,61,Male,Chicago,TX,Premium,Beauty,5,310,27.04,32.71,Cash,02-06-2023
ORD00727,CUST0727,26,Other,Phoenix,CA,VIP,Beauty,4,684,116.66,75.26,Credit Card,21-04-2023
ORD00728,CUST0728,50,Female,San Diego,NY,VIP,Sports,5,2180,165.71,177.72,Credit Card,17-01-2023
ORD00729,CUST0729,25,Other,Dallas,CA,Premium,Clothing,4,172,4.3,30.44,UPI,24-08-2024
ORD00730,CUST0730,64,Female,Dallas,AZ,Regular,Home & Kitchen,3,1470,384.26,84.77,Debit Card,10-09-2024
ORD00731,CUST0731,34,Other,Los Angeles,TX,Premium,Beauty,1,22,2.61,1.01,Cash,09-12-2024
ORD00732,CUST0732,43,Other,Austin,TX,Premium,Home & Kitchen,5,2180,636.94,160.65,Cash,31-03-2023
ORD00733,CUST0733,26,Male,New York,CA,Premium,Electronics,1,376,109.47,47.67,Debit Card,26-10-2024
ORD00734,CUST0734,27,Other,Houston,TX,Premium,Beauty,2,128,11.56,13.92,Cash,23-01-2023
ORD00735,CUST0735,25,Male,Chicago,TX,Premium,Sports,4,120,30.95,12.27,Debit Card,06-08-2024
ORD00736,CUST0736,43,Male,San Antonio,NY,VIP,Electronics,4,928,236.25,111.07,Net Banking,21-07-2024
ORD00737,CUST0737,36,Male,Dallas,TX,Regular,Sports,5,1610,349.99,239.77,Cash,04-03-2023
ORD00738,CUST0738,51,Male,San Diego,AZ,Regular,Home & Kitchen,5,260,20.89,35.21,Cash,21-05-2024
ORD00739,CUST0739,57,Other,San Antonio,TX,Premium,Sports,1,102,8.81,7.35,UPI,26-08-2023
ORD00740,CUST0740,50,Male,Austin,IL,Premium,Beauty,4,348,92.2,40.53,Cash,20-11-2024
ORD00741,CUST0741,59,Other,San Antonio,TX,Regular,Clothing,5,630,53.38,93.64,Cash,27-06-2023
ORD00742,CUST0742,30,Male,Austin,TX,Regular,Electronics,4,1088,99.11,80.51,Credit Card,03-01-2024
ORD00743,CUST0743,34,Female,Chicago,CA,Regular,Beauty,1,433,8.27,48.67,Net Banking,04-05-2023
ORD00744,CUST0744,53,Male,Dallas,IL,Regular,Home & Kitchen,3,1239,17.35,221.92,UPI,07-12-2024
ORD00745,CUST0745,50,Other,Los Angeles,NY,VIP,Sports,4,1800,408.11,273.09,Net Banking,15-04-2023
ORD00746,CUST0746,53,Male,San Jose,NY,VIP,Clothing,1,465,28.65,45.49,UPI,28-03-2024
ORD00747,CUST0747,50,Female,Los Angeles,CA,Premium,Home & Kitchen,3,1317,54.43,223.84,Cash,07-01-2023
ORD00748,CUST0748,33,Female,San Antonio,IL,Premium,Beauty,2,126,10.06,18.24,Cash,06-10-2024
ORD00749,CUST0749,60,Male,Chicago,AZ,Premium,Sports,2,180,43.3,15.31,Cash,12-06-2024
ORD00750,CUST0750,61,Female,New York,TX,Premium,Clothing,1,387,93.61,56.2,Credit Card,19-11-2023
